1	0
45.882354	-95.377723
45.219236	-93.425816
-103.22916	44.08027
-91.54649	40.96607
-90.7	29.6
-88.47	43.76
-88.24362	43.14383
-87.91718	43.0882
-87.61318	41.7001
-85.589222	38.395278
-81.24	41.41
-80.6264	41.0606
-76.5	39.05
-76.4	39.34
-1.758738	-78.756094
27.788689	-97.675662
12.621	58.873
18.220833	-66.590149
18.440833	-66.047222
18.45297	-66.726987
21.285784	-157.72189
21.309438	-157.857884
25.693617	-80.403448
25.882666	-80.362225
25.914902	-97.445794
25.935766	-97.51813
26.157287	-80.17721
26.181065	-80.169797
26.190096	-80.365865
26.621517	-98.748117
26.760981	-80.041115
26.796164	-80.102873
27.137	82.401
27.320226	-82.451454
27.564388	-99.504693
27.655788	-97.290282
27.68275	-97.37949
27.72763	-97.413674
27.74	97.39
27.743156	-97.37921
27.754806	-98.088297
27.769335	-97.481416
27.771901	-82.710354
27.784839	-97.42105
27.795335	-97.39966
27.827902	-97.225478
27.874271	-82.797335
27.879718	-82.77196
27.915613	-82.780337
27.96	82.46
27.982593	-82.74626
27.99036	-82.301773
28.000446	-82.431866
28.080656	-81.957357
28.101984	-81.075466
28.21299	-80.4299
28.341348	-98.111928
28.3538	-80.7166
28.407501	-81.333576
28.49454	-82.5551
28.538533	-81.364246
28.546772	-81.70703
28.563409	-99.570747
28.71307	-100.492048
28.817	-96.99
28.983108	-95.948853
29.054052	-99.012068
29.163901	-95.439815
29.199429	-96.279552
29.2	-94.58
29.210117	-90.050133
29.229968	-90.753281
29.229968	-90.753281
29.229968	-90.753281
29.231377	-98.660449
29.242199	-98.868529
29.259252	-94.839587
29.279127	-94.817304
29.28304	-94.802483
29.301348	-94.797696
29.303135	-98.672403
29.311444	-100.419711
29.324005	-89.474218
29.325739	-98.695049
29.359281	-98.57094
29.361009	-100.886814
29.371092	-90.259434
29.376174	-94.973843
29.38146	-93.00883
29.387647	-90.80318
29.387749	-90.617933
29.3884	-90.714015
29.389687	-90.618161
29.395751	-100.908961
29.401742	-98.557501
29.402911	-90.609177
29.406351	-90.697788
29.406468	-90.700802
29.406815	-98.449264
29.407056	-90.698654
29.411968	-90.279454
29.41242	-98.505692
29.412702	-90.279432
29.420076	-98.572102
29.420076	-98.572102
29.420076	-98.572102
29.423775	-90.70159
29.425914	-98.469626
29.427807	-98.485619
29.432789	-98.492853
29.433217	-90.306658
29.439101	-90.309672
29.441941	-90.297701
29.443111	-98.505111
29.443431	-90.59409
29.44701	-90.309005
29.456157	-95.065975
29.464678	-98.517171
29.479	-98.355
29.482803	-90.315741
29.485068	-90.513893
29.488935	-98.510007
29.49	-95.16
29.494247	-95.801594
29.500756	-98.350017
29.502625	-90.579876
29.502976	-91.443469
29.503729	-95.519324
29.511929	-90.330946
29.518352	-90.336031
29.51855	-90.334899
29.518772	-95.19037
29.521619	-90.340536
29.524792	-90.334318
29.525123	-98.675186
29.528157	-90.335995
29.528187	-90.336002
29.528251	-90.336018
29.535529	-95.808344
29.537004	-90.336196
29.5419	93.5501
29.547958	-98.5449
29.548538	-98.622872
29.550117	-95.809699
29.553045	-98.614967
29.557106	-95.796912
29.557527	-95.328984
29.562703	-95.818388
29.563087	-95.807897
29.563098	-95.61449
29.563264	-95.807148
29.56793	-95.628643
29.569261	-95.814288
29.57	-95.56
29.572847	-95.058558
29.575	-98.547
29.577264	-90.720512
29.58	-95.44
29.580517	-90.722613
29.586821	-95.13668
29.587407	-98.63472
29.589564	-98.69818
29.590063	-90.721176
29.590593	-95.609044
29.592665	-90.692955
29.593336	-90.467625
29.6	-95.45
29.606	-95.634662
29.619745	-95.435338
29.623451	-95.240353
29.632206	-98.610397
29.638467	-90.538778
29.64133	-95.592882
29.644578	-90.531631
29.645351	-90.687542
29.646494	-90.54097
29.649243	-95.179401
29.658499	-98.615635
29.66	-95.63
29.660787	-95.367818
29.667532	-95.334448
29.670573	-82.395294
29.670903	-95.34591
29.672277	-95.256513
29.674398	-95.305789
29.675667	-90.728121
29.677823	-95.321065
29.678192	-95.303697
29.681288	-98.636331
29.682092	-95.358091
29.682369	-95.42878
29.687812	-90.621991
29.688522	-95.31109
29.68914	-95.459477
29.69	-95.24
29.69	-95.23
29.692872	-95.061197
29.695196	-95.455535
29.69523	-90.525782
29.69523	-90.525782
29.696968	-82.409706
29.700308	-82.373905
29.700708	-95.346088
29.702495	-95.573787
29.704517	-95.12387
29.704764	-95.667516
29.705446	-82.391901
29.705631	-95.647646
29.705882	-95.459816
29.706443	-95.186522
29.70748	-95.41884
29.709574	-95.166809
29.71	-95.43
29.711531	-95.45903
29.716234	-95.257709
29.716544	-90.614028
29.7206	-95.539198
29.724582	-95.296775
29.726527	-95.354345
29.727703	-95.334278
29.72994	-95.741848
29.73	-94.41
29.730477	-90.607795
29.734955	-95.450569
29.74	-94.46
29.740338	-95.304154
29.742002	-95.356673
29.742768	-90.017642
29.746299	-95.606139
29.746427	-95.335451
29.746459	-95.255508
29.746668	-94.944572
29.74993	-94.84157
29.75	-94.71
29.750387	-90.762586
29.750871	-95.606283
29.753439	-95.294205
29.753863	-90.776325
29.75659	-94.89086
29.757956	-95.37118
29.759538	-95.719923
29.76	-97.81
29.762907	-90.761552
29.763566	-90.811145
29.764529	-95.560865
29.767121	-95.633384
29.768659	-95.245725
29.772175	-95.303273
29.773148	-95.517654
29.775183	-95.31025
29.775183	-95.31025
29.775183	-95.31025
29.775183	-95.31025
29.775183	-95.31025
29.775183	-95.31025
29.775183	-95.31025
29.775588	-95.345767
29.777137	-95.391731
29.77854	-95.495152
29.778852	-90.774706
29.779437	-95.483808
29.78048	-95.37951
29.784535	-90.793709
29.78989	-95.052906
29.79	94.68
29.792716	-95.528362
29.795218	-90.821136
29.797515	-90.803098
29.800162	-85.354965
29.806233	-95.353977
29.810557	-98.221298
29.819875	-90.893422
29.820702	-95.30827
29.823275	-95.385437
29.827943	-95.513556
29.83	-95.22
29.830129	-95.444722
29.834052	-95.442203
29.847048	-95.600149
29.847234	-99.27879
29.847979	-95.308754
29.853256	-95.475034
29.859741	-95.359063
29.862795	-89.781746
29.869276	-95.062641
29.87	-94.63
29.872977	-91.200454
29.873604	-89.869724
29.873604	-89.869724
29.88	94.61
29.88	-94.67
29.88414	-95.46865
29.884194	-95.504969
29.886081	-91.206297
29.894379	-90.099098
29.9	-94.69
29.900274	-96.87861
29.905772	-90.06402
29.911889	-95.062151
29.915418	-89.893534
29.924655	-91.229283
29.926557	-95.523757
29.929628	-95.559301
29.930323	-95.34092
29.943434	-90.079706
29.947678	-90.235305
29.948195	-95.591992
29.948651	-95.389665
29.949679	-91.749832
29.949717	-95.464484
29.950694	-91.208399
29.956701	-90.062786
29.956912	-95.458573
29.959027	-90.107182
29.960748	-90.087971
29.962479	-90.111495
29.963382	-90.080429
29.965169	-90.166895
29.966037	-90.15313
29.966037	-90.15313
29.966059	-91.202361
29.97	-94.61
29.97	-94.44
29.97	-95.21
29.973174	-90.086968
29.974887	-90.107941
29.976595	-95.114161
29.98	-95.25
29.982832	-90.830871
29.983464	-90.071915
29.984466	-90.039125
29.98616	-90.210381
29.98644	-95.524785
29.989411	-90.207124
29.990816	-90.189962
29.994039	-90.079284
29.995049	-90.142958
29.997928	-95.263002
30	-97.15
30.000986	-90.23312
30.003257	-90.137916
30.003411	-90.128452
30.007089	-90.167983
30.012178	-90.104523
30.01522	-90.16825
30.021206	-90.076475
30.024108	-90.04886
30.027563	-95.531256
30.035418	-90.242008
30.036983	-90.009881
30.037679	-95.386431
30.056724	-95.434178
30.074719	-95.635791
30.081846	-95.630501
30.088935	-95.729924
30.096966	-95.665086
30.1045	97.4937
30.10552	-92.03073
30.106838	-95.647746
30.113054	-95.651356
30.1156	97.4455
30.13466	-95.47545
30.164582	-95.443672
30.173822	-97.813004
30.183	97.4318
30.188511	-96.40367
30.189935	-97.747948
30.19	-95.49
30.1914	-91.30947
30.193639	-97.793617
30.212892	-97.828124
30.216908	-97.845901
30.218353	-97.89432
30.218459	-97.775338
30.222361	-89.820044
30.222499	-97.801871
30.226669	-97.722741
30.233598	-97.844753
30.235093	-97.693302
30.235595	-97.692932
30.236191	-95.534141
30.240919	-81.59847
30.252044	-97.721664
30.253437	-97.717828
30.254793	-97.711957
30.260333	-97.755704
30.265346	-97.782307
30.267764	-97.749168
30.271442	-97.741096
30.274016	-97.799865
30.2791833	-87.68415
30.280219	-91.23975
30.28166	-98.867037
30.282929	-97.763329
30.284926	-89.789535
30.287946	-97.669228
30.289918	-91.404825
30.289918	-91.404825
30.290751	-97.758741
30.292747	-97.762298
30.302713	-97.744132
30.303193	-97.745789
30.3039	7.6862
30.30676	-97.743453
30.30809	-97.75128
30.30825	-97.712815
30.309145	-97.750643
30.310307	-97.682737
30.310479	-97.673547
30.310724	-97.689541
30.311558	-97.782986
30.312415	-97.755043
30.315438	-97.746036
30.317468	-97.746088
30.320892	-81.66392
30.321423	-97.718736
30.321874	-97.713833
30.321876	-89.415529
30.322214	-97.755717
30.325322	-97.738228
30.333796	-97.715951
30.334865	-97.720488
30.335334	-97.720616
30.3375	-97.73361
30.340903	-97.822151
30.343364	-97.704387
30.344814	-97.714587
30.350051	-81.603506
30.351053	-81.733339
30.352163	-97.757325
30.355387	-90.992716
30.357533	-97.785221
30.359285	-89.923293
30.364067	-97.695923
30.364176	-97.696936
30.372329	-87.321821
30.372432	-96.083101
30.375559	-97.726084
30.383754	-89.047607
30.389709	-88.527023
30.397269	-96.076155
30.398291	-95.608166
30.400903	-88.521624
30.404848	-90.095103
30.407161	-90.108607
30.410684	-97.747827
30.42424	-81.660793
30.430379	-91.161926
30.435742	-89.925323
30.435742	-89.925323
30.441588	-95.482197
30.44291	-97.614912
30.446103	-91.175034
30.448121	-91.061597
30.449785	-87.211351
30.450918	-91.139009
30.455744	-91.163762
30.4569	-97.806349
30.45817	-90.057933
30.458283	-91.14032
30.471908	-91.162877
30.473247	-97.798362
30.482985	-95.983258
30.482985	-95.983258
30.482985	-95.983258
30.496118	-91.163475
30.502135	-90.747874
30.504418	-90.516648
30.52762	-84.12823
30.528616	-88.293779
30.530395	-97.822832
30.535397	-96.301785
30.538537	-85.588161
30.544898	-85.58433
30.548736	-87.340057
30.568624	-91.156287
30.569779	-97.408463
30.569779	-97.408463
30.570062	-91.011059
30.572884	-97.422177
30.59812	-87.911911
30.622163	-90.133126
30.638941	-87.34136
30.66072	-98.431749
30.681539	-95.645795
30.694225	-88.06448
30.694357	-88.043054
30.694357	-88.043054
30.698706	-94.919997
30.698716	-97.71379
30.701114	-92.258406
30.7012	-88.15086
30.709276	-101.208552
30.709326	-90.226446
30.711862	-86.115314
30.715088	-94.810595
30.718373	-95.566992
30.725983	-88.101775
30.733628	-88.068681
30.74445	-90.415013
30.759169	-97.698227
30.759169	-97.698227
30.759169	-97.698227
30.796059	-83.556742
30.800081	-88.091088
30.852236	-96.981989
30.876015	-90.512039
30.89797	-102.883586
30.911936	-93.993586
31.019968	-102.255994
31.062184	-98.190013
31.067197	-87.136513
31.125171	-99.335484
31.135459	-97.002768
31.135459	-97.002768
31.135459	-97.002768
31.135459	-97.002768
31.135459	-97.002768
31.135459	-97.002768
31.135459	-97.002768
31.135459	-97.002768
31.141507	-81.481536
31.192097	-83.789185
31.231829	-89.820576
31.27047	-94.645035
31.273085	-102.692636
31.302144	-86.474875
31.312261	-94.751736
31.318236	-95.456614
31.32858	-94.794852
31.339279	-109.558788
31.353965	-110.930279
31.362525	-110.930652
31.363513	-92.58681
31.367144	-110.950185
31.37697	-110.94587
31.3906	106.1717
31.397362	-102.350142
31.413571	-89.359032
31.422912	-103.493229
31.422912	-103.493229
31.460899	-100.467678
31.470788	-100.427199
31.502249	-94.346325
31.504702	-82.843762
31.508807	-82.849865
31.5315	-94.118041
31.5378	102.956
31.581834	-102.904524
31.59468	97.08353
31.648493	-100.046335
31.649868	-106.285434
31.652509	-106.261521
31.659985	-106.239265
31.664237	-97.100631
31.67165	-97.10032
31.6786558	-83.6397049
31.694457	-106.323995
31.703651	-106.342161
31.7055	106.3243
31.7094593	-83.652757
31.754901	-106.483988
31.758355	-106.478188
31.76068	106.36266
31.768904	-106.313406
31.771243	-106.483208
31.780304	-106.47292
31.78078	-106.31386
31.786232	-106.472542
31.795018	-95.150477
31.801839	-97.622632
31.8137	-106.459587
31.819362	-97.020303
31.829827	-86.613027
31.83379	-102.440984
31.834252	-102.358059
31.837488	-102.398888
31.840333	-102.400638
31.842044	-102.378429
31.849252	-102.378412
31.855727	-102.365347
31.869318	-102.380675
31.870954	-102.385001
31.885276	-85.14847
31.886015	-106.435278
31.887804	-102.365999
31.897369	-98.603658
31.8997	106.4383
31.904216	-102.381308
31.908226	-106.595854
31.912	-106.656
31.934127	-94.687631
31.937938	-102.398674
31.958783	-83.988511
31.95891	-99.962778
31.959166	-106.603633
31.968599	-99.901813
31.968599	-99.901813
31.98204	-102.120142
31.98416	-106.66111
31.988398	-90.359635
31.990482	-102.10769
31.999419	-81.119608
32.004346	-102.122649
32.01061	-102.136401
32.02426	-102.121811
32.039501	-102.121603
32.039909	-94.728888
32.113969	-109.921176
32.113969	-109.921176
32.136118	-94.801679
32.157435	-82.907123
32.178185	-111.116664
32.200013	-110.943091
32.203061	-110.89092
32.230361	-90.255502
32.252075	-95.34814
32.253966	-90.317156
32.2594	-101.48568
32.26	-90.27
32.261977	-96.8351
32.262349	-110.937959
32.263132	-110.928273
32.264026	-86.365509
32.265074	-90.918419
32.267283	-90.212711
32.270477	-107.753769
32.28	-90.07
32.287594	-101.433915
32.287594	-101.433915
32.287594	-101.433915
32.290392	-90.182095
32.295179	-106.742763
32.296146	-111.013999
32.296146	-111.013999
32.297271	-87.79784
32.298258	-110.963027
32.307087	-90.169171
32.315282	-90.192715
32.317951	-95.342375
32.324776	-90.230724
32.328167	-90.33295
32.33	-82.52
32.348578	-94.104613
32.350746	-97.407355
32.351698	-86.335092
32.351714	-90.216396
32.3556	90.20917
32.356822	-92.980437
32.356823	-111.037523
32.36493	-94.626957
32.373118	-85.684578
32.374838	-88.686061
32.3813	-114.2333
32.393918	-106.71204
32.394615	-95.339738
32.402472	-93.71933
32.405222	-93.873605
32.405483	-99.756432
32.41	88.69
32.411501	-93.783183
32.427185	-92.223667
32.427185	-92.223667
32.460374	-93.781295
32.4616	-92.109442
32.462604	-90.086725
32.469549	-92.111601
32.470926	-100.402534
32.472535	-93.867436
32.473102	-99.731108
32.479876	-92.057355
32.482068	-93.88475
32.489232	-94.729054
32.489232	-94.729054
32.49283	-93.698871
32.504668	-99.744028
32.509881	-93.75166
32.510639	-94.570824
32.516938	-93.747593
32.527122	-94.736137
32.53488	-96.66262
32.553923	-94.315422
32.558042	-117.044541
32.56	-83.9
32.567076	-117.049254
32.57553	-92.000464
32.58032	-96.310801
32.583136	-94.801995
32.589864	-96.762126
32.591028	-96.294854
32.598888	-92.698387
32.618367	-90.040897
32.619963	-97.128874
32.623726	-90.018571
32.63122	-96.613536
32.658732	-97.175528
32.664875	-96.774185
32.668048	-115.483691
32.670108	-114.426623
32.675883	-97.275188
32.684234	-117.076383
32.684588	-97.346152
32.687657	-96.787094
32.689626	-97.380876
32.6898	-117.10866
32.690491	-96.639894
32.692466	-97.263063
32.698464	-97.322279
32.698752	-102.713512
32.698883	-96.783824
32.699014	-97.267604
32.702083	-96.8547
32.704118	-97.443197
32.704221	-97.186198
32.705002	-97.443656
32.707872	-116.997511
32.709481	-96.980465
32.710032	-100.90902
32.712112	-97.164752
32.714298	-97.266342
32.717515	-114.623302
32.718522	-96.76037
32.722126	-97.250347
32.722187	-97.090307
32.72276	-96.82766
32.723847	-101.946412
32.724424	-117.107952
32.724905	-96.631939
32.725904	-96.787699
32.73	103.1
32.7324	-117.1624
32.733085	-96.891123
32.734794	-97.154822
32.735269	-97.008291
32.739688	-97.307843
32.739996	-97.009007
32.74076	-97.252113
32.741891	-96.601352
32.743111	-97.238402
32.748226	-117.127355
32.749267	-99.892108
32.751606	-79.977118
32.752203	-97.811506
32.754337	-97.457902
32.754987	-96.678652
32.755316	-96.908204
32.757067	-96.26767
32.759193	-98.945092
32.76	89.105
32.764525	-97.013236
32.765484	-96.902317
32.766115	-97.698619
32.773204	-97.351656
32.773204	-97.351656
32.773204	-97.351656
32.773204	-97.351656
32.778261	-116.990821
32.78014	-96.800451
32.78014	-96.800451
32.78014	-96.800451
32.784579	-97.567365
32.7855	-96.840743
32.785845	-96.781096
32.78591	-92.381362
32.786574	-83.719914
32.787641	-94.073517
32.788274	-96.783954
32.790565	-96.782069
32.7908	-79.9461
32.799524	-96.649197
32.800425	-96.777747
32.804018	-96.873296
32.806776	-115.577285
32.807313	-117.256599
32.807561	-97.258793
32.80772	-97.44253
32.808012	-96.882756
32.810044	-96.763348
32.810044	-96.763348
32.813696	-97.283712
32.814903	-96.955469
32.816206	-111.284503
32.816206	-111.284503
32.816249	-96.671713
32.816338	-97.049912
32.817724	-97.170333
32.821918	-98.060794
32.822681	-117.234917
32.824186	-96.656888
32.825219	-96.786351
32.825417	-115.552763
32.825456	-83.651029
32.83548	84.07496
32.839276	-96.980415
32.851845	-97.165872
32.8541	-96.99403
32.861467	-97.082474
32.864589	-96.683217
32.867425	-93.984745
32.871453	-96.991776
32.876013	-96.626033
32.878889	-97.081973
32.882001	-117.156174
32.887455	-96.623217
32.891031	-96.625889
32.891766	-96.661345
32.892349	-96.471979
32.896176	-109.827582
32.896176	-109.827582
32.896176	-109.827582
32.896176	-109.827582
32.896176	-109.827582
32.896176	-109.827582
32.898516	-96.95735
32.901542	-93.982188
32.904968	-96.857966
32.905203	-117.108986
32.90867	-117.14829
32.909333	-96.518099
32.916656	-96.995329
32.918425	-96.67713
32.920124	-85.848624
32.920765	-96.418632
32.927788	-96.647033
32.929984	-96.529007
32.930747	-96.786275
32.931394	-96.806175
32.933208	-96.755546
32.939317	-87.628525
32.944472	-96.45334
32.94592	-96.68347
32.946359	-96.887042
32.948486	-107.312197
32.949726	-95.29364
32.951629	-97.489566
32.9517	-117.0624
32.966117	-96.890054
32.972368	-97.17983
32.975354	-96.72453
32.975712	-117.13781
32.979847	-96.883632
32.989739	-96.86224
33.010285	-96.536133
33.013729	-98.593947
33.018311	-96.694929
33.037445	-96.681788
33.052946	-117.067064
33.056626	-96.795181
33.058106	-112.047642
33.058106	-112.047642
33.064003	-98.582318
33.066052	-97.079975
33.086139	-94.730661
33.090965	-102.346387
33.090965	-102.346387
33.092	98.588
33.094809	-117.106714
33.102605	-96.667748
33.10357	-96.834332
33.104578	-96.081319
33.117369	-96.774365
33.122847	-94.769159
33.141468	-96.607758
33.14771	-111.47421
33.153139	-111.33487
33.156233	-96.862148
33.160561	-88.556531
33.160779	-96.941893
33.163736	-94.982509
33.167127	-86.252326
33.167205	-96.359943
33.167491	-97.144747
33.172178	-86.621827
33.175058	-96.835738
33.1782	-96.882457
33.179521	-96.49298
33.179521	-96.49298
33.179521	-96.49298
33.182423	-117.321228
33.183919	-94.746569
33.185964	-96.626953
33.1875	-117.2907
33.197929	-97.148268
33.202566	-96.60843
33.205675	-91.286502
33.2058	104.5222
33.206954	-94.671277
33.214841	-97.133068
33.214841	-97.133068
33.223169	-98.17084
33.240354	-111.629095
33.241818	-86.333924
33.271397	-111.743224
33.297715	-111.84019
33.302872	-96.986285
33.31056	-111.835512
33.310627	-87.576594
33.313381	95.19068
33.320837	-104.46214
33.33057	-111.58956
33.334664	-111.924651
33.3348	-86.8941
33.339284	-84.648542
33.34	-81.7
33.3457	-111.07577
33.353665	-111.958254
33.358835	-111.70459
33.359091	-111.764457
33.362903	-93.709901
33.362903	-93.709901
33.366068	-111.739859
33.366931	-93.981004
33.370056	-87.576613
33.370937	-111.965682
33.37117	-86.66799
33.375376	-111.928104
33.378107	-111.978406
33.383123	-111.964485
33.393108	-94.065346
33.394102	-111.929869
33.399836	-111.995459
33.400375	-112.037441
33.41023	-86.79849
33.410444	-111.57637
33.415194	-111.671763
33.422579	-111.792039
33.424366	-111.959955
33.42747	-94.0452
33.4293	104.519
33.430109	-94.061564
33.433847	-86.69615
33.435119	-90.648947
33.435756	-112.186526
33.435942	-86.105805
33.439962	-86.987884
33.444606	-86.785542
33.449315	-112.073805
33.451187	-111.987207
33.451235	-111.991328
33.451399	-112.138827
33.4535	112.106
33.455329	-94.079927
33.4587	-112.0732
33.460357	-87.000865
33.463762	-82.091438
33.46389	-112.091259
33.465365	-112.123673
33.46589	-111.908959
33.466064	-112.091354
33.466115	-112.094639
33.469694	-112.047639
33.472552	-94.06947
33.47288	-112.001661
33.475493	-86.889105
33.476377	-112.058645
33.478266	-112.045699
33.478691	-112.003493
33.480843	-112.123309
33.48109	-94.176125
33.481402	-94.163653
33.483139	-112.002262
33.487093	-86.796915
33.487142	-82.072715
33.487721	-112.169261
33.488756	-86.864399
33.489086	-84.910429
33.489105	-88.428542
33.489402	-112.083148
33.492189	-86.803543
33.494232	-112.05759
33.494761	-112.068614
33.495131	-112.110799
33.495278	-86.834126
33.496268	-112.061286
33.496488	-112.061386
33.497588	-112.024331
33.498222	-112.247054
33.49902	-117.15426
33.499941	-112.103688
33.50533	112.14278
33.506599	-86.846841
33.510979	-86.856205
33.511409	-111.903056
33.513035	-112.064572
33.51891	-101.841395
33.523444	-90.167787
33.524425	-91.441406
33.524942	-112.118438
33.525035	-86.839695
33.527637	-112.075619
33.527858	-86.888015
33.52934	-111.901819
33.529695	-86.963555
33.531987	-112.055169
33.533384	-112.151302
33.53479	-117.76958
33.53922	-117.686992
33.54164	-117.150758
33.545175	-111.894795
33.545285	-111.930559
33.54696	-86.649135
33.548754	-101.974427
33.548833	-101.866102
33.549183	-86.862817
33.551355	-101.816224
33.554095	-111.945753
33.554398	-117.688986
33.555895	-101.909259
33.55811	-101.840994
33.560838	-101.873185
33.564167	-111.985338
33.564224	-85.064907
33.568583	-86.830895
33.569701	-101.853209
33.571866	-101.955539
33.572945	-83.076182
33.577087	-101.863375
33.577328	-96.273315
33.577328	-96.273315
33.577436	-111.948014
33.578266	-112.089269
33.582164	-86.853605
33.586495	-101.84236
33.587481	-112.017233
33.589207	-101.85986
33.589677	-102.367989
33.590639	-102.383925
33.591243	-86.696892
33.591508	-117.598928
33.59506	-117.7597
33.595393	-101.86776
33.596431	-112.108013
33.599517	-101.810186
33.601509	-111.934972
33.60723	-94.976654
33.607351	-117.87638
33.61111	112.09861
33.616722	-117.916968
33.62229	-112.009932
33.631746	-96.593453
33.63194	-111.83972
33.634099	-112.0154
33.634666	-86.706716
33.639942	-101.873653
33.64179	-86.726408
33.648752	-85.752642
33.651444	-117.689801
33.656155	-88.676776
33.664364	-84.002085
33.6675	-84.3403
33.671417	-112.209529
33.673618	-84.460849
33.673706	-95.556006
33.67523	-84.49836
33.680253	-96.848322
33.682654	-87.832289
33.6851	-84.7956
33.689373	-117.37428
33.691016	-87.824071
33.700401	-84.167627
33.706241	-96.663812
33.712039	-117.850703
33.721111	-117.888889
33.721784	-84.437448
33.72651	-111.979533
33.728379	-84.135826
33.732351	-84.297865
33.733403	-90.733523
33.738059	-116.961834
33.738251	-85.285113
33.7383	-117.9198
33.739831	-84.419904
33.740605	-84.40865
33.743294	-84.281424
33.750607	-84.418393
33.752174	-117.963604
33.755744	-84.729459
33.757694	-87.17385
33.764871	-84.431543
33.7682	117.2739
33.772851	-84.425141
33.77388	-118.03905
33.776552	-84.456811
33.780843	-117.991644
33.783125	-84.342363
33.783967	-118.237091
33.792241	-83.860769
33.799791	-118.349914
33.802963	-116.972037
33.803397	-84.396253
33.808903	-84.497084
33.812114	-84.636279
33.8156	-85.7524
33.825986	-84.686994
33.827859	-117.78721
33.834731	-90.734138
33.83603	-117.865691
33.836081	-81.163724
33.83629	-118.267948
33.837185	-86.31659
33.840411	-118.374852
33.84224	-117.842042
33.844617	-116.473317
33.848185	-84.604913
33.85485	-84.493594
33.857643	-87.106406
33.859187	-117.788194
33.859906	-117.821447
33.866874	-84.316731
33.87558	-117.567462
33.875607	-117.597066
33.882895	-83.154596
33.884841	-118.320898
33.887783	-84.111755
33.887833	-118.03804
33.88836	-117.79034
33.892512	-118.155192
33.892551	-84.209839
33.893734	-98.529339
33.900893	-88.135208
33.90872	-116.58654
33.909967	-84.61087
33.910358	-102.336289
33.911347	-98.475955
33.918374	-85.608334
33.919065	-84.016742
33.919919	-84.420793
33.922087	-84.171534
33.923398	-102.347236
33.926075	-102.319327
33.927043	-83.927692
33.930855	-118.396063
33.930965	-98.748117
33.931914	-84.042113
33.94422	-118.21385
33.944477	-98.667882
33.94521	-118.297746
33.953112	-84.581278
33.953349	-117.396156
33.953349	-117.396156
33.953349	-117.396156
33.954808	-116.504319
33.958199	-84.525795
33.963028	-84.208363
33.968485	-84.511894
33.971767	-118.070578
33.976034	-84.210333
33.97801	-112.74286
33.980038	-101.325793
33.980436	-117.95395
33.982393	-86.454889
33.983	-117.5314
33.983802	-81.011416
33.984318	-118.467788
33.985452	-118.175315
33.986671	-101.336692
33.98678	-118.25964
33.990811	-117.357191
34	-82
34.001831	-117.816847
34.002993	-118.172255
34.008321	-102.413739
34.01019	-80.988752
34.014267	-83.698657
34.014326	-118.499888
34.014678	-85.242939
34.01615	-117.085108
34.019264	-117.312313
34.020727	-118.200653
34.020985	-118.308118
34.024113	-118.414028
34.026587	-118.251431
34.02734	-117.8357
34.029391	-94.73583
34.030292	-84.501742
34.031556	-118.494518
34.03382	-118.20324
34.035264	-118.273965
34.041671	-81.032054
34.04266	-118.443877
34.042721	-118.223627
34.045402	-118.246558
34.048928	-111.093731
34.050473	-118.214872
34.05109	-118.227125
34.05671	-118.05582
34.058371	-118.151105
34.072596	-117.946339
34.07665	-80.917115
34.079538	-84.083052
34.080214	-118.259751
34.080261	-117.301239
34.082134	-118.704537
34.083525	-117.383693
34.083772	-84.279679
34.085838	-81.364596
34.089753	-117.472224
34.090745	-118.368062
34.09079	-117.88682
34.093391	-84.280193
34.094478	-84.476308
34.1	
34.104633	-118.330776
34.106494	-101.889172
34.106494	-101.889172
34.106494	-101.889172
34.106494	-101.889172
34.108032	-117.309422
34.10934	-109.8601
34.1099	-118.3259
34.111097	-118.154623
34.113919	-117.303775
34.11529	-84.33882
34.124849	-117.892241
34.141635	-118.231985
34.143177	-117.273861
34.146644	-84.491629
34.147494	-119.190419
34.155842	-84.211904
34.157522	-84.228172
34.169009	-87.34136
34.171365	-103.360652
34.175298	-101.742034
34.177905	-118.855336
34.183413	-118.438464
34.18702	-117.363797
34.189001	-77.941495
34.18977	-118.58999
34.192364	-101.704052
34.192656	-101.716677
34.193768	-118.588437
34.195498	-118.457251
34.199061	-92.012393
34.2018967	-90.5943604
34.207362	-101.695023
34.21079	-101.738311
34.214488	-101.705162
34.219184	-101.707918
34.221775	-118.597384
34.224246	-77.93362
34.230861	-119.05372
34.23189	-118.36312
34.23365	-111.3208
34.23389	-111.321
34.239457	-86.175564
34.242406	-118.518998
34.244452	-77.887619
34.24493	-118.61194
34.25	86.15
34.250014	-90.526354
34.253016	-111.257144
34.25465	-85.064959
34.273993	-88.409213
34.274641	-119.229005
34.283995	-83.841452
34.2949	-119.29641
34.346345	-86.306837
34.368975	-97.963924
34.393799	-100.898722
34.404342	-85.406262
34.406338	-118.478376
34.420831	-119.69819
34.422251	-118.584502
34.424088	-86.862183
34.448058	-119.244376
34.452784	-119.792928
34.4538	-119.657329
34.460429	-102.713512
34.464433	-119.712964
34.47685	-85.683252
34.479803	-114.339672
34.481618	-93.063436
34.49312	-84.91118
34.493712	-93.024026
34.495857	-93.026557
34.499012	-82.01426
34.5037	-93.05518
34.510894	-93.051679
34.513155	-93.04374
34.518629	-102.894193
34.535961	-101.764194
34.536509	-99.070925
34.536853	-101.7703
34.547411	-102.309763
34.552789	-112.465397
34.553016	-102.303006
34.553276	-101.797961
34.553276	-101.797961
34.553276	-101.797961
34.557905	-112.47491
34.558123	-98.474757
34.562753	-92.579671
34.563383	-83.966147
34.564537	-92.586828
34.5741539	-112.5145416
34.57978	-120.51825
34.583458	-99.456155
34.595043	-94.25336
34.595392	-118.147573
34.604644	-96.424396
34.605913	-86.073427
34.6118	-86.06668
34.630621	-98.418996
34.646398	-112.429146
34.6514	-97.949641
34.676358	-86.02494
34.677876	-83.025429
34.67943	-118.105412
34.681123	-85.006358
34.6875	-118.1496
34.720426	-80.770901
34.721482	-92.371811
34.723819	-92.360623
34.727742	-92.311453
34.730138	-88.941063
34.744234	-92.286799
34.747036	-92.345981
34.753862	-92.223667
34.758789	-85.003421
34.759743	-82.474397
34.772441	-92.351541
34.7725	-82.06667
34.772677	-92.275776
34.787036	-82.386661
34.792097	-91.748315
34.80663	-87.67568
34.806723	-86.96714
34.80786	-92.284998
34.812947	-87.639471
34.821108	-102.407247
34.82854	-102.389075
34.847	77.398
34.86	-96.77
34.863581	-111.816885
34.8649	-85.99978
34.867461	-118.202596
34.871114	-100.65789
34.897499	-94.098703
34.902038	-101.797961
34.902038	-101.797961
34.921727	-82.030502
34.953829	-81.059388
34.988229	-85.348973
34.98891	-107.95229
35.001735	-102.529803
35.005817	-89.864419
35.005999	-106.041271
35.008078	-90.797618
35.01407	-90.033658
35.024431	-110.698132
35.02598	-110.70251
35.027248	-106.658177
35.028048	-110.71013
35.028048	-110.71013
35.028778	-89.811218
35.036517	-80.777118
35.041555	-97.951659
35.044472	-89.875331
35.048755	-85.309472
35.053353	-106.647718
35.056375	-106.668482
35.059545	-106.607472
35.063706	-106.606502
35.068078	-106.500429
35.07	-106
35.0815	106.6469
35.083687	-106.492282
35.084696	-106.634612
35.084937	-106.65365
35.089108	-89.890454
35.089751	-89.872289
35.091364	-101.848254
35.091406	-101.808009
35.094504	-106.532635
35.09537	-92.440811
35.102839	-98.340888
35.10729	-89.97421
35.117236	-89.913349
35.122253	-101.889532
35.124152	-101.812967
35.129443	-89.925141
35.13179	-119.45341
35.142956	-86.5504
35.146438	-103.80044
35.147781	-106.605619
35.158593	-80.834356
35.15921	-101.859688
35.159659	-90.017499
35.161172	-107.824583
35.161897	-85.147936
35.162362	-90.027951
35.163451	-101.926652
35.164224	-88.580947
35.165795	-89.958867
35.170667	-103.72355
35.173382	-80.850635
35.178391	-101.847276
35.179613	-106.682288
35.18	89.67
35.195579	-101.899738
35.2	-90
35.20105	-91.831833
35.202302	-101.838067
35.203415	-101.848462
35.204628	-111.614697
35.20638	-101.866556
35.207103	-80.829956
35.207109	-111.621511
35.210485	-111.649886
35.211487	-101.849872
35.211679	-101.829417
35.212399	-89.089194
35.214335	-113.763283
35.217861	-106.593556
35.218281	-81.212998
35.220488	-101.861958
35.22229	-101.782536
35.226042	-101.803699
35.23153	-101.81651
35.232419	-101.806268
35.235866	-88.390891
35.235866	-88.390891
35.241542	-106.674029
35.242457	-85.690486
35.24256	-96.24546
35.243875	-89.350448
35.25	-95.2
35.259418	-95.702191
35.26325	-80.78866
35.263266	-80.854385
35.263266	-80.854385
35.26534	-118.90854
35.26549	-80.59923
35.265575	-80.858464
35.265812	-80.900167
35.265827	-114.018801
35.268727	-99.634135
35.271607	-81.046705
35.275937	-81.365148
35.279892	-101.848973
35.282752	-120.659616
35.290061	-91.753882
35.295757	-80.741677
35.296197	-89.661469
35.30004	-106.551137
35.309249	-106.553119
35.319723	-97.370511
35.319999	-78.745415
35.341135	-101.385001
35.342762	-96.136768
35.348796	-97.489175
35.354335	-119.14547
35.357295	-94.392774
35.360779	-119.006562
35.363281	-97.52573
35.366598	-94.366456
35.38557	-88.641511
35.39148	-118.951632
35.421994	-99.279534
35.434356	-119.109952
35.435827	-93.39403
35.456053	-97.696763
35.45715	-97.523294
35.46756	-97.516428
35.47	-86
35.485034	-84.748006
35.485696	-81.032218
35.49	89.26
35.5	-97.5
35.516968	-80.61828
35.52	-97.55
35.524486	-100.976386
35.525938	-100.954613
35.528563	-89.758209
35.53268	-106.19313
35.5350894	-98.6800844
35.536112	-108.734625
35.539171	-100.977458
35.539472	-100.980804
35.540395	-98.656955
35.567	80.7447
35.572853	-97.567172
35.589661	-77.388211
35.597415	-97.588871
35.600376	-105.234731
35.617612	-97.460807
35.622112	-101.575047
35.635176	-105.987609
35.638846	-101.599018
35.647552	-106.027063
35.677952	-105.927203
35.678557	-105.951642
35.681184	-105.957362
35.68135	-119.24107
35.686975	-105.937799
35.693219	-78.633851
35.711565	-85.80766
35.717319	-78.776281
35.753655	-78.810433
35.770499	-78.826395
35.774679	-78.637106
35.787631	-89.116372
35.803191	-78.566085
35.812288	-78.544679
35.817951	-78.384831
35.821572	-88.902941
35.843227	-78.556094
35.858498	-86.493801
35.869174	-101.964788
35.877151	-84.056551
35.88808	-106.306972
35.897179	-84.092175
35.923597	-89.904175
35.929299	-79.034301
35.941237	-84.011135
35.941949	-86.501269
35.943101	-78.861164
35.96392859	-79.0491377
35.965308	-88.92599
35.969492	-78.982175
35.988761	-86.767413
35.999198	-86.869708
35.99936	-88.427002
36.00706	-115.11393
36.010829	-95.916272
36.015	-85.057
36.017363	-95.928237
36.018873	-84.052417
36.021687	-95.934815
36.024746	-96.092071
36.029808	-87.433728
36.041807	-86.837045
36.043381	-78.979124
36.04843	-85.25952
36.050488	-95.886089
36.052966	-101.990039
36.056435	115.077968
36.06281	-94.16835
36.069887	-115.172502
36.074765	-96.023864
36.076367	-80.267148
36.07832	-86.66986
36.08	-95.55
36.08	-95.97
36.080076	-79.075697
36.084003	-87.775581
36.09	-115.118254
36.090435	-80.286798
36.09334	-79.75152
36.097166	-115.2389
36.101134	-115.150126
36.108037	-115.159977
36.111995	-115.217731
36.11531487	115.1984405
36.119025	-79.819601
36.12345	-83.16789
36.123722	-115.227833
36.125638	-115.174586
36.133424	-95.875492
36.14485	-86.7479
36.14512	-85.525387
36.147637	-95.986158
36.147901	-115.136881
36.148007	-115.140289
36.150123	-86.666068
36.150978	-120.362071
36.153633	-96.047155
36.153982	-95.992775
36.15418	-95.853842
36.160796	-79.738689
36.16131	-115.15177
36.171052	-95.987854
36.17176	-94.18351
36.179628	-115.209833
36.190684	-86.3016
36.192261	-85.450986
36.197239	-86.319842
36.20773456	-115.12703
36.212137	-83.331539
36.213856	-86.324679
36.21954	-89.813036
36.24	-95.67
36.241792	-102.242083
36.266376	-93.139214
36.2876862	-115.1349911
36.29875	-93.500345
36.322426	-82.340369
36.32798	-119.68401
36.328199	-89.15319
36.340041	-105.588134
36.348846	-82.23059
36.353741	-84.73272
36.3541	-119.2789
36.366893	-96.01018
36.36855	-96.019966
36.42624	-86.812249
36.429527	-97.886285
36.431079	-119.823246
36.435414	-99.397056
36.454973	-103.187428
36.466	-121.386628
36.492147	-88.873896
36.512345	-79.697362
36.528798	-121.920848
36.552089	-82.555133
36.5614	-119.55656
36.596934	-121.945413
36.600238	-121.894676
36.600238	-121.894676
36.607728	-121.844746
36.609774	-79.396439
36.61	-121.83
36.617026	-121.926347
36.617915	-121.922093
36.624754	-120.206738
36.627396	-121.920132
36.64449	-79.36426
36.678368	-97.310044
36.683907	-101.483198
36.684407	-121.805316
36.708591	-97.066015
36.71125	-107.99254
36.719792	-119.819956
36.720024	-119.822352
36.720025	-119.822456
36.723707	-119.753754
36.727252	-108.209732
36.734802	-119.817121
36.735514	-119.864416
36.741126	-119.808513
36.7435	-108.3338
36.746842	-119.772587
36.75	-76.06
36.751887	-95.980925
36.752437	-98.357028
36.755595	-90.383806
36.771	-76.577
36.774823	-119.86947
36.778261	-119.417932
36.781	-76.271
36.793274	-95.948002
36.79412	-75.99687
36.796265	-85.363999
36.798195	-89.960823
36.79874	-98.668742
36.805736	-119.809457
36.807267	-97.289158
36.808145	-97.734988
36.814376	-119.787011
36.834368	-76.060104
36.836813	-76.305467
36.837423	-119.798512
36.8615227	-119.756485
36.873006	-76.294444
36.889891	-76.383184
36.893286	-104.428499
36.895021	-76.052958
36.90101	-111.45333
36.908732	-111.45323
36.915258	-94.255454
36.937727	-120.055984
36.949112	-81.087678
36.966378	-122.023536
36.969507	-81.109392
36.982337	-84.090545
36.992308	-86.458435
37.015934	-122.010924
37.016066	-86.478392
37.020335	-96.176656
37.061271	-84.362689
37.067175	-88.641844
37.069592	-80.757573
37.069915	-94.485164
37.08257	-88.593888
37.084469	-79.294402
37.120921	-93.445819
37.137384	-113.500625
37.140411	-84.09983
37.152203	-98.030346
37.164034	-76.474732
37.164359	-113.446083
37.168091	-97.028819
37.20703	-80.410396
37.21	-93.29903
37.212586	-107.763621
37.223434	-95.705315
37.228341	-121.86357
37.237638	-77.41894
37.239621	-93.256771
37.24	-121.8
37.240253	-95.814288
37.245433	-77.330729
37.24783	-88.7494
37.247921	-121.834274
37.251726	-93.301627
37.266851	-93.25665
37.269477	-77.195882
37.27097	-79.941427
37.287782	-83.180583
37.288399	-120.503578
37.298996	-121.803591
37.3006	-77.2618
37.302163	-120.482968
37.302163	-120.482968
37.309258	-121.823772
37.319459	-121.883227
37.321488	-122.053491
37.330356	-87.490671
37.33701	-122.02891
37.33799	-121.932691
37.3415	-82.4525
37.343787	-121.842386
37.353793	-77.484105
37.354881	-122.09104
37.360972	-118.40228
37.36934	-121.965831
37.36941	-122.14601
37.372852	-122.077281
37.374612	-77.651268
37.375825	-118.42298
37.377369	-89.65795
37.381427	-121.957639
37.382273	-89.666206
37.398236	-89.667671
37.40003	81.53441
37.41241	-79.140128
37.415581	-122.124675
37.432264	-81.119608
37.433828	-77.590517
37.44182	-77.46601
37.44843	-77.626939
37.45	77.47
37.453059	-122.150483
37.469406	-122.133492
37.481657	-100.842365
37.489273	-122.219945
37.489424	-87.862544
37.49	122
37.49342	-94.280479
37.498988	-77.528027
37.525824	-121.975632
37.53	77.47
37.53	77.47
37.530058	-122.038281
37.538647	-122.284437
37.538915	-85.278028
37.540469	-77.450451
37.54541	-122.36571
37.547709	-97.251589
37.549082	-77.41717
37.551314	-122.312856
37.554064	-121.945619
37.556047	-77.412332
37.560196	-77.487234
37.562028	-77.42513
37.564596	-97.352211
37.56499	-77.38374
37.570269	-101.758618
37.570338	-101.750678
37.57233	-77.429502
37.573955	-122.339668
37.579476	-120.947236
37.602796	-99.292613
37.603199	-121.001011
37.62195	-120.985157
37.622255	-96.228053
37.631938	-120.974714
37.635676	-122.068075
37.63679	-121.007793
37.6375	-120.9416
37.642817	-122.089781
37.643179	-122.096493
37.645633	-98.602249
37.648579	-90.204374
37.649342	-121.030472
37.650971	-84.776657
37.652002	-97.275265
37.658844	-97.459989
37.66168	-122.089204
37.6659	-120.9157
37.666312	-121.871679
37.674438	-122.087922
37.680115	-121.019861
37.683333	-97.3
37.685484	-120.96279
37.693456	-97.33561
37.696473	-83.977679
37.698	-112.84
37.703	-82.27
37.703794	-97.304767
37.71612	-122.409695
37.719084	-122.074061
37.725962	-89.852424
37.726512	-122.137246
37.729001	-122.413756
37.7296	-95.07363
37.731966	-88.936286
37.740614	-122.437545
37.74886	-81.134247
37.749476	-122.409577
37.749549	-122.445446
37.752743	-122.166739
37.756212	-122.4789
37.758927	-122.421469
37.760756	-122.476767
37.76461	-120.83821
37.766591	-87.148643
37.768297	-122.423441
37.77259	-87.9343
37.772983	-122.411834
37.773688	-87.132701
37.77493	-122.419416
37.77496	-122.263914
37.77621	-90.42742
37.77638	-122.285838
37.778223	-122.276608
37.78145	-90.43283
37.785163	-97.194705
37.79	-97.629
37.795422	-93.574286
37.796062	-122.426274
37.798992	-122.420711
37.799358	-122.423939
37.814106	-81.995266
37.816865	-122.273581
37.830291	-122.271224
37.850596	-94.367725
37.850748	-82.824215
37.86876	-87.54974
37.871744	-122.260963
37.873826	-90.512145
37.877082	-122.445702
37.886717	-122.112082
37.911721	-121.696311
37.924696	-122.383674
37.92844	-121.30614
37.931176	-107.850352
37.93188	-121.26133
37.933305	-87.896087
37.936954	-122.349937
37.945093	-121.291873
37.953584	-76.772198
37.95994	-121.73082
37.964253	-91.831833
37.966116	-121.299293
37.966489	-121.967566
37.967939	-107.885273
37.968307	-121.2802
37.96938	-87.5095
37.969954	-122.050109
37.977071	-122.025451
37.978124	-108.142867
37.98273	-85.58221
37.9959	-121.8391
37.996656	-121.301993
37.99691	-121.875198
37.999793	-85.950859
38.00262	-121.351804
38.013123	-121.361289
38.02	-90.559
38.020294	-78.47863
38.020399	-121.924198
38.022775	-121.356466
38.023527	-121.956208
38.029716	-121.941531
38.033054	-121.293196
38.04	-84.53
38.042475	-122.52346
38.069222	-122.555979
38.07	84.52
38.084794	-122.265311
38.0964	-85.58459
38.097846	-122.274386
38.100465	-122.164723
38.10537	-85.66293
38.14717	-85.57125
38.15531	-85.710802
38.163454	-81.703652
38.178959	-85.639083
38.192181	-85.846772
38.19381	-85.643487
38.201758	-99.278558
38.201998	-85.630229
38.210025	-90.390337
38.213396	-122.641898
38.215383	-84.556559
38.218159	-81.442893
38.226604	-85.823177
38.228297	-104.64402
38.22929	-104.62515
38.2322	-122.634
38.234195	-85.739786
38.245	-104.6
38.245704	-85.756749
38.248822	-85.788641
38.249003	-85.781891
38.24945	-85.794886
38.254063	-85.670445
38.256605	-85.816771
38.259	-94.33
38.26	104.61
38.275941	-77.441016
38.278951	-104.593081
38.2895	-122.473782
38.28953	-85.63128
38.297538	-122.286865
38.2978	-85.79506
38.301418	-85.776867
38.301449	-122.282346
38.30149	-85.81598
38.301868	-77.513224
38.310497	-121.901795
38.312358	-88.903034
38.318851	-122.4905
38.324494	-75.214323
38.331327	-75.087527
38.3335	-75.6322
38.333811	-90.413361
38.336086	-122.685226
38.342574	-81.641462
38.350402	-122.000992
38.36	77.15
38.389821	-122.824708
38.391442	-86.931109
38.398763	-83.677393
38.404755	-75.060063
38.406039	-96.159322
38.413987	-87.773768
38.420089	-121.450539
38.424263	-121.402346
38.428019	-81.490735
38.450903	-122.714777
38.465783	-107.166633
38.46982	-81.883363
38.480341	-90.334469
38.48493	-91.03115
38.484931	-91.631294
38.486717	-94.344389
38.495292	-90.316397
38.503149	-121.432407
38.5045	-90.497
38.520616	-88.012926
38.5238762	-85.1987991
38.526338	-121.299335
38.52971	-121.46589
38.53331	-122.508528
38.5373	-121.4608
38.5458	76.582
38.549	-90.261
38.55	-121.537
38.551201	-90.156417
38.555	-90.2845
38.5564	-90.294659
38.559389	-90.24404
38.562585	-90.495081
38.563416	-94.854407
38.564508	-90.051979
38.566067	-90.453342
38.569	-121.473717
38.57	-76.44
38.570074	-90.186776
38.573624	-90.502669
38.575968	-92.17362
38.578816	-90.312121
38.581572	-121.4944
38.589067	-121.291484
38.592843	-94.936806
38.599626	-90.467022
38.605	-90.588
38.608088	-90.451432
38.613409	-90.281725
38.61816	-121.315928
38.619917	-90.192108
38.622848	-92.303376
38.627003	-90.199404
38.62704	-121.222785
38.634303	-90.326577
38.63557	77.26826
38.636331	-90.530507
38.64	77.34
38.641306	-90.637316
38.642535	-121.513639
38.659811	-121.250044
38.663167	-121.799261
38.665	-90.251
38.665553	-90.202111
38.666466	-90.394528
38.673824	-90.481816
38.67824	-90.233811
38.679211	-85.183213
38.681844	-98.169847
38.68328	77.30522
38.683676	-120.067651
38.68959	-90.280151
38.69176	-90.275
38.701922	-89.984771
38.710643	-94.445443
38.724789	-90.375941
38.725169	-90.27523
38.725595	-98.393214
38.726557	-90.451857
38.727948	-104.725605
38.74	77.59
38.742638	-120.435763
38.748016	-77.173313
38.750794	-90.520142
38.750949	-77.475267
38.7521235	-121.2880059
38.7549	76.8311
38.755176	-85.802171
38.758235	-77.222501
38.7586	76.9835
38.76	77.31
38.761113	-102.789367
38.761778	-90.683082
38.763975	-76.781782
38.766778	-84.892581
38.77	77.15
38.77	77.15
38.77112	-90.22929
38.775585	-76.796212
38.7776	-82.938
38.78	77.18
38.783894	-77.607786
38.785	77.069
38.787087	-84.370505
38.787951	-121.258359
38.792991	-77.480419
38.795931	-77.05025
38.796617	-94.82514
38.79919	-77.61574
38.803	77.213
38.803803	-77.601279
38.806835	-77.251562
38.807974	-104.827676
38.80943	-76.98805
38.809877	-104.813591
38.810149	-99.263583
38.810518	-76.926517
38.812	77.638
38.813414	-77.64247
38.814	77.12
38.814828	-106.884601
38.82	-79.9
38.82	-77.21
38.821302	-80.459555
38.822667	-121.200081
38.82663	-104.748967
38.832563	-97.620921
38.837177	-84.096346
38.8449	-76.8837
38.845	77.044
38.84606	-77.13995
38.846224	-77.306373
38.846289	-104.794277
38.846739	-91.951635
38.8474808	-120.0290604
38.851944	-77.0375
38.855904	-77.113428
38.86	77.29
38.866156	-76.936233
38.870163	-94.842117
38.871098	-76.96477
38.876	77.001
38.876967	-76.918744
38.879783	-77.402405
38.88067	-77.42052
38.881098	-99.314263
38.881608	-94.84633
38.884313	-94.234002
38.8856	77.1802
38.886332	-94.865169
38.888021	-76.810241
38.88855	-77.276226
38.888565	-90.101956
38.89	76.937
38.890911	-94.723616
38.891456	-76.938289
38.891764	-76.981661
38.893768	-94.653524
38.893968	-94.647109
38.895189	-84.396253
38.8973	77.3687
38.898917	-77.003508
38.89978	-77.050314
38.900024	-121.067945
38.905825	-77.031555
38.906907	-76.817396
38.908446	-94.695924
38.9092	-76.9321
38.910482	-76.809009
38.910596	-104.698811
38.910833	-104.47233
38.912346	-77.42418
38.914092	-77.031953
38.918537	-97.364153
38.918681	-94.723723
38.92	-76.9
38.921142	-90.194327
38.924451	-77.06804
38.925532	-76.979201
38.926796	-94.42817
38.92852	-104.831483
38.935113	-74.906005
38.936331	-104.8699
38.94317	-94.883439
38.944426	-94.672863
38.9452	-94.5097
38.94869	-76.94807
38.95074	-94.650813
38.95452	-76.975048
38.956141	-94.730258
38.956453	-77.070302
38.959654	-77.374599
38.961333	-77.388352
38.96176	-76.96484
38.96366	-92.74176
38.965866	-119.784317
38.967683	-77.398163
38.97	-94.69
38.970993	-92.345901
38.97121	-76.99942
38.974491	-76.999283
38.979545	-76.958855
38.97969	76.74349
38.983695	-76.754654
38.983738	-119.892449
38.99	-85.8
38.99	77.38
38.990769	-77.29387
38.99176	-76.92526
38.995427	-94.269499
38.995849	-94.54379
38.997717	-76.690202
38.999659	77.137239
39	76
39.002	-79.469
39.002014	-94.659231
39.003129	-93.987843
39.00498	-77.02575
39.008193	-76.986125
39.01094	-94.72774
39.011855	-77.21968
39.011902	-98.484246
39.012753	-95.661892
39.01316	-94.281761
39.018755	-77.207121
39.020266	-77.015404
39.023708	-94.277037
39.02415	-94.32491
39.029273	-96.833677
39.0333333	-95.7538333
39.034766	-84.508787
39.036409	-94.603877
39.037493	-77.402103
39.038338	-77.074112
39.039262	-77.506939
39.04272	-77.17866
39.043609	-81.383933
39.044084	-76.909513
39.047691	-77.087188
39.049	77.12
39.051212	-94.584134
39.051713	-94.585336
39.05235	-76.94492
39.060945	-76.50709
39.06433	-76.85888
39.064702	-84.514327
39.066895	-84.276334
39.07	-77.13
39.076767	-77.653613
39.0772	-77.118613
39.08	77.48
39.087	77.1679
39.087476	-108.599073
39.0875	-94.6258
39.093	78.188
39.095744	-94.587538
39.097621	-84.232942
39.099746	-84.851431
39.099914	-94.582081
39.1	-76.8
39.1	104.85
39.100749	-93.202552
39.10195372	-76.81643218
39.102501	-94.770672
39.10268	77.56613
39.105244	-94.648451
39.105806	-75.528762
39.106363	-94.582754
39.106562	-94.381267
39.109135	-84.525456
39.110513	-76.712993
39.114378	-77.242946
39.116615	-94.709874
39.123843	-94.198052
39.123939	-94.673795
39.125011	-84.892954
39.125404	-77.087921
39.131216	-84.344047
39.13201	-84.601908
39.135222	-76.876552
39.137075	-121.66825
39.14787	76.64018
39.149075	-84.47193
39.156051	-89.475194
39.157176	-77.983293
39.15727	-75.553429
39.15727	-75.553429
39.158088	-84.570826
39.158333	-96.624166
39.169538	-87.203415
39.169645	-77.209144
39.171416	-84.595984
39.174734	-122.223685
39.177222	-76.743056
39.182682	-84.452666
39.188847	-90.354097
39.19	-84.58
39.194633	-120.111451
39.1969739	-76.73837859
39.2	-76.5
39.209417	-121.046716
39.212236	-92.134775
39.214516	-76.845164
39.217561	-77.258779
39.218925	-84.406326
39.220584	-106.863139
39.225845	-84.174227
39.226156	-84.514881
39.228114	-84.354106
39.242467	-119.956538
39.247804	-92.324849
39.251189	-74.620472
39.255215	-77.274962
39.255224	-76.509959
39.25615	-76.664026
39.26	77.22
39.263925	-76.633753
39.269841	-76.600461
39.2701769	-76.59675143
39.271732	-76.609847
39.274715	-93.97792
39.281776	-76.682278
39.281787	-76.657506
39.282756	-81.558388
39.282757	-80.559079
39.28364474	-76.87815903
39.285848	-76.61311
39.286819	-76.566661
39.290385	-76.612189
39.290385	-76.612189
39.299	-86.653
39.3	-76.7
39.300642	-76.576997
39.300743	-84.480336
39.303646	-76.578603
39.305996	-76.670011
39.309375	-76.755617
39.31691	-76.602273
39.322182	-76.689507
39.325517	-120.312168
39.32924	-82.101255
39.334942	-76.637684
39.34	76.54
39.340843	-76.658174
39.342853	-76.683632
39.34519444	-95.10539167
39.345575	-84.553355
39.348553	-82.093745
39.34868	-120.10775
39.350745	-74.457866
39.352895	-76.462549
39.354901	-85.97267
39.35826	-84.553781
39.35888934	-76.67928892
39.361736	-76.709124
39.363681	-76.514789
39.36596	-77.17566
39.369266	-84.56307
39.375724	-84.549474
39.377204	-84.409899
39.377354	-79.201095
39.378883	-84.557824
39.38	77.48
39.380147	-107.081811
39.383079	-74.524013
39.385562	-76.503766
39.38687	-75.0244
39.391726	-76.738363
39.395197	-84.557969
39.397746	-107.215259
39.399501	-84.561335
39.401289	-84.540659
39.405533	-84.547048
39.412274	-84.567711
39.42	85.59
39.421683	-74.639259
39.422012	-84.602069
39.42276	-94.21636
39.43189	-78.995834
39.43855	-119.757737
39.44099	-84.2193
39.445996	-80.175001
39.463595	-75.003593
39.469272	-74.552901
39.47101	-80.21383
39.473909	-87.374615
39.48	-106.1
39.480697	-105.3876
39.486797	-76.390456
39.488757	-75.700213
39.492398	-119.776635
39.492635	-87.371984
39.493973	-119.78212
39.500435	-84.412548
39.510875	-104.770294
39.511843	-84.750483
39.512004	-119.801401
39.513975	-121.59454
39.52	-84.38
39.53	105.3
39.531172	-119.814656
39.533338	-74.686882
39.533851	-88.021558
39.555728	-105.008017
39.558947	-84.304107
39.558947	-84.304107
39.564079	-119.481567
39.564079	-119.481567
39.564079	-119.481567
39.565598	-80.677079
39.566236	-90.8294
39.567218	-89.322695
39.567574	-84.292001
39.584256	-106.0931
39.591187	-106.064018
39.59213	-86.1397
39.59569	-76.992001
39.601464	-104.842907
39.603989	-86.075604
39.609059	-84.155833
39.609599	-119.235095
39.61	-75.83
39.616101	-77.728664
39.62031	-104.332644
39.625525	-78.6115
39.627063	-106.811325
39.635688	-104.813957
39.635952	-105.264208
39.63788	-105.095878
39.63813	-104.796897
39.64268	-119.73048
39.644591	-121.554306
39.655223	-93.702251
39.658074	-78.805238
39.658919	-78.931391
39.662057	-75.566313
39.688724	-75.723086
39.689385	-104.976943
39.697624	-91.396947
39.7	-105.103
39.70728	-105.0007
39.711141	-84.159891
39.711396	-105.002734
39.712816	-88.997022
39.71466	-105.032818
39.714945	-105.179815
39.716273	-75.116652
39.724944	-105.211451
39.72825	-105.03351
39.729893	-105.049005
39.73	-105.1
39.737496	-75.59887
39.738014	-84.209253
39.738521	-105.06723
39.740515	-75.613266
39.741093	-122.010308
39.744	-86.051
39.747	-104.9
39.747774	-75.571739
39.7479	-90.24753
39.749966	-122.179809
39.75647	-84.18146
39.756837	-75.517246
39.757006	-104.979887
39.758922	-75.504699
39.759876	-104.916729
39.76	-104.9
39.761527	-84.208042
39.763094	-87.227648
39.764158	-86.073198
39.766935	-84.142448
39.769164	-121.628336
39.776721	-104.760405
39.778929	-89.659606
39.780148	-84.16264
39.781798	-104.960653
39.784093	-96.33648
39.786319	-105.034226
39.789046	-86.26037
39.793057	-74.186672
39.793884	-86.288702
39.795187	-87.371356
39.796365	-87.982908
39.79651	-104.93436
39.797122	-89.640652
39.797812	-86.181999
39.798953	-82.701002
39.8025	-75.044722
39.808223	-75.515267
39.81258	-85.13606
39.826018	-86.317498
39.827986	-75.521558
39.83355	-105.107077
39.836356	-105.496581
39.848976	-86.128979
39.849193	-89.258403
39.85	83.96
39.850095	-91.37921
39.853916	-75.028892
39.854736	-75.391891
39.867043	-75.402811
39.8851	-84.13652
39.89269	-75.286089
39.893018	-86.103919
39.893337	-105.761712
39.893458	-75.184451
39.895449	-75.283684
39.897466	-105.01756
39.900851	-105.032502
39.902006	-84.675834
39.907793	-75.387853
39.907793	-75.387853
39.915	104.83
39.915339	-76.680397
39.916211	-76.629411
39.916527	-76.684365
39.917087	-75.15168
39.92	-82.01
39.920777	-75.199719
39.925946	-75.11962
39.927262	-83.056242
39.935303	-75.320149
39.937218	-74.223953
39.940886	-75.152485
39.942471	-82.839882
39.95	-83.06
39.95	-75.1
39.950526	-75.173271
39.950957	-82.843391
39.951865	-75.300401
39.952781	-76.701148
39.956611	-75.233548
39.961629	-76.719766
39.962912	-76.627911
39.966302	-75.355298
39.97	-83.08
39.973901	-82.979406
39.974912	-78.524489
39.975811	-75.125492
39.977229	-75.253407
39.979513	-75.141782
39.981296	-111.765294
39.981337	-75.124652
39.983771	-105.10609
39.987684	-75.107459
39.99159	-75.38002
39.991977	-75.095706
39.992767	-75.32076
39.994967	-75.117627
39.999412	-75.118024
40.000377	-75.129566
40.000706	-80.25642
40.001676	-75.119209
40.001997	-75.130776
40.003587	-75.101727
40.005299	-75.076782
40.006703	-75.143091
40.0084	-76.3583
40.008411	-79.078083
40.01059	-98.04116
40.014162	-75.252139
40.015895	-75.14109
40.016635	-74.055705
40.018744	-75.0841
40.02	81.59
40.021756	-105.262187
40.022838	-75.140859
40.026622	-75.042423
40.026887	-105.292346
40.028699	-76.503731
40.030528	-76.724113
40.031431	-76.304408
40.033019	-82.866627
40.037273	-75.561913
40.038971	-75.149988
40.039991	-76.289267
40.042792	-87.641426
40.043522	-76.30953
40.044301	-75.157242
40.044453	-111.717501
40.044484	-111.725271
40.04834	-75.076712
40.054033	-76.309884
40.058423	-82.929419
40.058815	-82.93742
40.060807	-75.16763
40.066874	-75.171997
40.0709	-122.1624
40.071479	-75.161585
40.072752	-75.014302
40.073398	-83.096192
40.073863	-75.207957
40.073986	-75.087194
40.07873	-86.03924
40.08	82.97
40.085294	-75.26462
40.08647	75.330048
40.088782	-83.12339
40.090386	-75.12456
40.094291	-75.08482
40.097693	-75.283823
40.100528	-75.185534
40.108387	-88.258863
40.111131	-80.610489
40.115345	-75.329131
40.115811	-75.408309
40.11888	-111.56582
40.123959	-75.065184
40.13	-74.9
40.144505	-122.135099
40.145107	-75.109059
40.148528	-79.929521
40.15	-105.12
40.15325	-111.580189
40.154265	-74.039266
40.16824	-74.844549
40.169389	-85.498068
40.173809	-75.036261
40.17396	-80.246171
40.17396	-80.246171
40.18073	-83.05825
40.181738	-81.592343
40.183433	-118.473519
40.184974	-75.113358
40.185508	-118.480141
40.191543	-75.47067
40.195208	-75.535221
40.1974	-100.61702
40.204317	-74.944842
40.206327	-80.55705
40.211826	-74.036318
40.212715	-74.027936
40.213164	-75.311177
40.218239	-75.244793
40.219636	-76.180662
40.224451	-73.998966
40.227534	-92.452413
40.235396	-79.470389
40.235396	-79.470389
40.2367	74.02921
40.248282	-75.68264
40.258054	-76.809028
40.264095	-76.85034
40.266	76.6997
40.266155	-84.9758
40.2688711	-96.7439722
40.270357	-79.875739
40.285026	-78.865383
40.291181	-79.931994
40.29270555	-79.8193741
40.2973022	-79.6691132
40.298849	-75.182556
40.3	-83.86
40.301233	-75.130289
40.302853	-74.733707
40.309614	-75.13112
40.310829	-83.138629
40.311249	-74.210584
40.31561	-79.67573
40.3324	-74.500725
40.332706	-75.944422
40.34076	-79.845097
40.34145	-75.933701
40.342252	-79.775466
40.349	-105.11
40.349458	-79.873614
40.352463	-80.073817
40.35894	-111.73885
40.36	74.94
40.36	-74.9
40.363384	-83.724837
40.364682	-111.711425
40.370497	-75.9568
40.37217	-80.34421
40.372434	-109.402105
40.37434	-82.476257
40.37463	-111.93967
40.381089	-80.09483
40.382225	-80.720702
40.382686	-79.99673
40.384957	-86.883764
40.385299	-79.713162
40.38601	-122.27781
40.386329	-79.820551
40.392	-79.788
40.394328	-91.401624
40.39501	-80.366364
40.403845	-79.820903
40.40565	-79.971744
40.405997	-82.489134
40.408087	-80.078515
40.408719	-79.986473
40.413221	-79.585954
40.41451	-74.59403
40.41971	-80.000771
40.425594	-86.877631
40.43	-95.38
40.437425	-79.999555
40.439528	-74.223282
40.439695	-79.955905
40.444851	-79.998815
40.445081	-80.008775
40.445081	-80.008775
40.452458	-79.940838
40.45291	-122.30559
40.457651	-80.044949
40.458176	-109.533011
40.46	80.06
40.4600105	-79.8272934
40.466635	-79.993994
40.468542	-80.06717
40.472851	-83.734557
40.477456	-79.932946
40.48	80.13
40.483871	-106.830789
40.485606	-79.709667
40.488329	-79.752154
40.491608	-80.051826
40.493037	-97.179026
40.493668	-85.653401
40.497819	-89.000765
40.498548	-80.044808
40.498652	-74.429346
40.503	-75.999
40.506044	-79.842405
40.508765	-74.400481
40.509128	-105.091524
40.509843	-79.834494
40.51	80.04
40.51114	-74.40806
40.5117912	-79.9477386
40.51834	-81.27896
40.52	-105.02
40.521463	-86.158565
40.525832	-105.011637
40.527971	-74.641491
40.52855	-74.78397
40.53032	-104.98202
40.532154	-75.595468
40.534399	-85.643247
40.535576	-89.472399
40.541288	-85.66404
40.542	-79.777
40.550642	-122.332624
40.553222	-74.288101
40.553978	-78.593939
40.554	-90.51
40.55601	-74.170945
40.55679	-74.497405
40.56	80.01
40.560084	-74.372423
40.56123	-74.579659
40.565031	-74.120247
40.565665	-74.55155
40.567018	-98.393867
40.567969	-74.464842
40.568	-112.46
40.568762	-122.380285
40.570508	-80.246865
40.578156	-84.354205
40.579219	-73.981946
40.588228	-75.436149
40.588393	-82.424886
40.58956	-75.471995
40.590673	-89.477984
40.591337	-75.505913
40.593056	-96.387222
40.593056	-96.387222
40.593223	-73.974568
40.594072	-74.100118
40.596244	-74.646234
40.598134	-74.082793
40.598827	-74.401657
40.599626	-73.654835
40.606296	-80.212526
40.607172	-75.487766
40.608633	-111.957099
40.609552	-75.470552
40.612175	-111.878428
40.615183	-75.464089
40.615382	-74.316689
40.616723	-82.5108
40.621455	-79.152535
40.622617	-111.486951
40.623045	-75.376786
40.623253	-111.89371
40.623674	-111.492259
40.624129	-74.309945
40.625069	-80.059073
40.625071	-73.912685
40.632527	-73.946912
40.633125	-89.398528
40.636244	-74.455866
40.641718	-92.071624
40.646131	-75.474722
40.64632	-111.49988
40.648333	-74.2457
40.648589	-89.648216
40.65	-73.95
40.650893	-74.187932
40.651132	-73.94701
40.651837	-74.234839
40.653549	-80.388973
40.654657	-78.26368
40.655149	-73.923982
40.655441	-75.088336
40.659099	-73.576957
40.659128	-74.250295
40.66	-73.407
40.661356	-73.406489
40.663444	-74.237107
40.665074	-111.888195
40.6652	-74.21737
40.667624	-73.99836
40.668955	-76.024667
40.669777	-75.549639
40.67164	-74.22241
40.672537	-74.471223
40.673609	-74.322699
40.674906	-74.003825
40.675875	-73.527249
40.677043	-73.965943
40.68	-74.24
40.680447	-95.862704
40.680807	-73.849621
40.68187	-112.04365
40.68427	-111.87953
40.68495	-75.262692
40.686988	-73.983515
40.688588	-73.451478
40.689434	-73.954681
40.692601	-73.373992
40.692965	-111.948438
40.693294	-81.181957
40.695557	-105.594339
40.699264	-75.256646
40.699819	-73.976146
40.7	-99
40.70126	-111.81678
40.701499	-74.012472
40.703518	-73.700831
40.706126	-73.93498
40.707846	-74.008143
40.70825	-112.08217
40.709099	-74.014067
40.71061	-73.293882
40.713468	-73.9973
40.714353	-74.005973
40.717842	-73.994783
40.719386	-89.329475
40.719474	-74.277798
40.719989	-73.693467
40.7202674	-73.7554868
40.720645	-76.191054
40.720708	-74.159829
40.723422	-92.872749
40.723948	-73.819954
40.724063	-73.847203
40.724239	-73.984827
40.724444	-81.523923
40.727704	-73.70686
40.727905	-84.150047
40.728042	-73.980236
40.72945	-106.278968
40.73	-82.51
40.732357	-84.119139
40.7334946	-73.9932039
40.734	-111.59328
40.735	73.688
40.739109	-73.755874
40.73929	-73.92335
40.73948	-111.91199
40.743901	-73.710762
40.745006	-123.869509
40.747244	-74.426975
40.74955	73.37963
40.751054	-74.041532
40.75118	-111.99211
40.751838	-111.882511
40.753515	-73.988783
40.753765	-74.998159
40.754232	-80.45326
40.756965	-73.938537
40.757228	-73.989793
40.757274	-73.979028
40.7594795	-73.8157883
40.76	87.15
40.760867	-73.967273
40.763076	-86.594352
40.76373	-73.981839
40.767009	-79.642826
40.767625	-81.335366
40.769459	-111.964862
40.771532	-73.947248
40.7732	-124.1528
40.776117	-73.946802
40.77663	-124.184975
40.778668	-73.909017
40.779753	-73.632141
40.779997	-73.976903
40.78	86.76
40.780533	-73.036143
40.78354	-76.335022
40.78526	-73.20084
40.789568	-74.318448
40.789791	-73.62578
40.78999	-81.290086
40.790278	-73.959722
40.790278	-73.959722
40.791372	-81.404958
40.791448	-73.850412
40.792709	-81.468574
40.793142	-74.054164
40.796536	-73.937428
40.796712	-73.943037
40.804044	-73.508309
40.805182	-73.282492
40.805669	-73.96438
40.805812	-73.043281
40.810784	-73.952593
40.811256	-73.501672
40.8149605	-74.0209732
40.815497	-73.411819
40.815656	-73.888379
40.818614	-73.728964
40.820727	-73.896378
40.821051	-73.498602
40.82418	-74.357789
40.83036	-73.943039
40.833329	-115.764717
40.833404	-73.847139
40.833604	-74.546328
40.83394	-74.097512
40.83468	73.37965
40.837552	-73.866608
40.840515	-84.33928
40.842112	-73.914267
40.845582	-73.9360559
40.846813	-73.258502
40.847013	-73.966324
40.848808	-74.022834
40.853522	-80.307819
40.855385	-76.785869
40.85903	-74.110125
40.859098	-73.109505
40.860717	-74.124479
40.861338	-73.99427
40.863686	-74.157734
40.866749	-99.986146
40.86794	-75.222916
40.869495	-73.437798
40.870837	-80.266398
40.870976	-73.917376
40.871372	-73.916494
40.87231	-98.3253
40.873628	-73.806978
40.879026	-88.856596
40.879052	-79.470389
40.879437	-73.917542
40.879606	-73.854903
40.87962	-74.1748
40.88701	-85.49982
40.887487	-74.122568
40.887987	-73.8604007
40.88884	-73.836786
40.891512	-95.9113
40.903181	-90.282053
40.907878	-97.098493
40.911038	-73.803139
40.911196	-73.561155
40.912827	-73.792316
40.917613	-72.667393
40.924511	-98.343255
40.927382	-73.779546
40.9282	73.9977
40.93406	-74.100894
40.934499	-73.901639
40.942007	-73.886226
40.944968	-73.073649
40.945763	-90.352473
40.948871	-73.702631
40.96343	-91.544711
40.967591	-117.734778
40.974302	-73.774729
40.979328	-73.785571
40.982388	-73.772049
40.98452	-74.28336
40.984878	-72.615117
40.986035	-75.196556
40.988174	-73.796655
40.99519	-79.17035
41.006576	-81.60006
41.012083	-74.127725
41.012689	-95.265202
41.01498	72.48325
41.019221	-82.519008
41.020747	-83.645934
41.025038	-90.356239
41.026487	-93.792145
41.051486	-73.61629
41.057324	-73.699632
41.065	-72.416
41.076974	-80.672362
41.08	-81.5
41.083063	-81.537128
41.083549	-81.573533
41.089509	-85.153549
41.093524	-81.518231
41.1	78.73
41.106731	-73.801649
41.106987	-87.755467
41.127806	-104.786967
41.13	73.41
41.13122	-73.41956
41.131533	-104.886323
41.13729	-85.1549
41.139192	-73.765009
41.145714	-81.789075
41.159138	-95.926832
41.161867	-85.178553
41.169743	-81.739599
41.169925	-92.903488
41.170359	-76.876908
41.174508	-111.945676
41.182117	-95.958016
41.183719	-112.035047
41.19	-81.51
41.191248	-95.950738
41.199287	-92.094748
41.200313	-73.245866
41.20049	-96.24264
41.204723	-76.004744
41.205345	-73.980909
41.209197	-95.906149
41.211004	-96.621653
41.2115065	-73.8756739
41.2121	-73.8829
41.212557	-95.997656
41.213726	-95.985939
41.216634	-73.075147
41.218051	-95.968372
41.223638	-73.039863
41.224066	-73.002328
41.224681	-95.934154
41.225479	-96.224261
41.23509	-89.93011
41.24103	-85.4438
41.246034	-96.004755
41.246044	-96.0143324
41.248039	-78.793078
41.248558	-95.958318
41.25	78.77
41.25889	-75.857222
41.259595	-110.983338
41.263071	-80.482478
41.263906	-81.360124
41.267764	-75.908582
41.269601	-75.883091
41.271642	-96.24395
41.273871	-96.252991
41.280257	-75.879252
41.28252	-75.875157
41.283269	-72.96865
41.285026	-96.017731
41.289917	-72.933076
41.29	-81.86
41.292237	-93.987843
41.2937	-96.03388
41.296307	-95.949048
41.306624	-96.115148
41.307445	-105.567376
41.308117	-72.938509
41.310497	-96.036203
41.311651	-96.021315
41.312232	-73.056258
41.313044	-88.601275
41.31461	-95.97285
41.314706	-72.903101
41.314952	-73.803598
41.316319	-80.411566
41.316885	-75.850979
41.317391	-88.610098
41.317928	-93.062512
41.322577	-96.088987
41.327825	-96.157151
41.332268	-75.804048
41.339707	-75.815787
41.34	-82.04
41.343873	-75.684859
41.35	-72.9
41.354695	-87.12934
41.364807	-71.819185
41.366412	-79.477411
41.37	-73.4
41.371672	-89.010146
41.373312	-73.421215
41.376421	-89.465027
41.39115	-95.477781
41.397497	-96.208075
41.399191	-75.631171
41.399709	-82.056563
41.400597	-87.365137
41.406913	-73.444863
41.412835	-81.403307
41.413032	-81.987111
41.416886	-81.735863
41.416999	-81.566011
41.417379	-87.627997
41.419923	-81.906846
41.426699	-81.340025
41.427788	-78.515503
41.427788	-78.515503
41.43011	-82.06786
41.431079	-82.020673
41.4327	-71.457284
41.433469	-88.277096
41.44212	-75.574247
41.44232	-82.211991
41.445165	-75.64486
41.447276	-74.423323
41.449613	-72.812294
41.45277	-72.83194
41.471974	-75.565801
41.475845	-87.066647
41.4765	-81.7421
41.4822	-81.6261
41.487483	-90.536689
41.4906679	-87.6709175
41.491004	-72.10192
41.500086	-73.054526
41.502776	-90.544996
41.50293	-81.48168
41.503199	-87.857503
41.503308	-112.020606
41.505069	-89.059404
41.505428	-75.712543
41.505984	-87.650284
41.506506	-72.774551
41.5095	-74.20715
41.518986	-88.232048
41.525199	-81.562186
41.525692	-73.036971
41.52632	-87.255519
41.532885	-87.220986
41.533425	-88.077644
41.534672	-86.424572
41.537859	-81.57564
41.538265	-87.846137
41.547549	-87.473321
41.55	-83.56
41.552925	-87.717631
41.555005	-87.362983
41.555393	-88.126528
41.560823	-75.521582
41.562108	-88.089424
41.566322	-82.85549
41.566691	-109.290855
41.570906	-83.646459
41.572968	-81.578606
41.5734577	-72.7699584
41.574091	-83.557013
41.574679	-93.777684
41.575514	-75.498785
41.581949	-87.659129
41.5831655	-88.9080725
41.58402	-93.562056
41.584486	-93.665347
41.584742	-93.751799
41.584832	-87.570177
41.586479	-87.558962
41.586588	-88.058268
41.586671	-87.570282
41.59	-72.6
41.591657	-73.052447
41.596963	-87.650689
41.597563	-73.921067
41.6	-83.7
41.600467	-88.026669
41.602231	-87.353557
41.602378	-72.886282
41.607554	-87.640654
41.608265	-93.648058
41.610599	-87.648283
41.61121	-73.91812
41.61185	-87.677633
41.612466	-93.571657
41.618982	-70.921651
41.62	-72.74
41.620039	-88.129629
41.620777	-87.074338
41.624018	-83.676592
41.630737	-79.660966
41.633559	-93.620287
41.635405	-87.639897
41.636693	-87.710372
41.636864	-93.600421
41.639359	-72.686455
41.642206	-87.461759
41.643984	-81.320426
41.644834	-88.612042
41.645429	-88.089857
41.64566	-93.56602
41.64672	-87.52228
41.648687	-87.705215
41.649527	-87.09274
41.650254	-109.267214
41.65151	-78.812346
41.653375	-83.51182
41.653383	-86.176904
41.658527	-81.355794
41.663769	-73.006999
41.663966	-87.78978
41.66608	-83.469028
41.668256	-77.836728
41.669468	-88.137769
41.67	-83.5
41.670832	-87.654722
41.672263	-71.275775
41.674024	-81.404411
41.67507	-86.25078
41.676557	-93.739761
41.678111	-80.953982
41.679276	-70.387002
41.679888	-71.267356
41.683025	-87.559349
41.683746	-71.540218
41.684417	-88.417691
41.684763	-88.070532
41.684763	-88.070532
41.68797	-83.49829
41.69	-79.9
41.690316	-88.430018
41.690712	-85.99684
41.691678	-85.980637
41.693882	-86.21338
41.697316	-83.600697
41.697618	-93.460369
41.698901	-87.699904
41.699687	-87.712472
41.700942	-71.378005
41.703756	-86.225505
41.704426	-88.058643
41.71070031	-81.2337373
41.715703	-83.506219
41.71669	-73.99282
41.727038	-70.007035
41.72931	-86.27531
41.730585	-88.345905
41.737659	-87.697554
41.737659	-87.697554
41.737659	-87.697554
41.737659	-87.697554
41.737659	-87.697554
41.74131	-87.82778
41.741773	-71.293137
41.7431	-81.2744
41.74721	-87.913081
41.749616	-71.394169
41.74971	-88.369277
41.750221	-88.307958
41.754884	-87.741322
41.75882	-71.400862
41.765523	-87.577758
41.767575	-76.442719
41.77	-72.51
41.77141	-87.74121
41.771523	-87.884336
41.771964	-72.678158
41.775084	-88.038875
41.778437	-73.747786
41.778437	-73.747786
41.77996	-71.39686
41.784318	-71.439719
41.794881	-87.719881
41.796499	-87.598111
41.804123	-88.353383
41.805906	-71.403243
41.812713	-80.950349
41.813235	-88.198441
41.813895	-71.454299
41.815506	-77.074827
41.818303	-87.64178
41.82014	-71.46653
41.821285	-71.434594
41.82527	-71.406062
41.827021	-97.454956
41.82977	-81.062865
41.832722	-81.047879
41.83488	-90.16831
41.835551	-87.670459
41.843386	-84.016742
41.844507	-87.704292
41.847615	-84.747906
41.84811	-72.60319
41.848857	-87.635601
41.850739	-87.777717
41.851553	-87.674449
41.85194	-109.188005
41.859093	-86.243361
41.85975	-87.744903
41.860301	-87.627166
41.862339	-93.2311783
41.865131	-87.796336
41.865268	-87.769612
41.867436	-72.4923
41.869063	-87.843754
41.869425	-90.159505
41.872009	-87.781177
41.873446	-87.979452
41.873562	-90.161191
41.875183	-87.964635
41.87809	-87.63693
41.890863	-87.675256
41.894356	-80.671451
41.897091	-87.812985
41.898412	-93.528957
41.898625	-88.299227
41.900512	-87.690751
41.900563	-87.885379
41.900995	-87.753638
41.901204	-77.762208
41.902557	-70.706533
41.90371	-73.97705
41.90627	-88.102325
41.908685	-77.133027
41.90892	-87.646029
41.914421	-79.64017
41.9163798	-88.3167764
41.922903	-87.641411
41.927872	-83.471279
41.928755	-88.861457
41.93177	-87.987999
41.93667	-84.631661
41.940448	-87.885422
41.940592	-87.703099
41.957501	-87.673725
41.963864	-78.547247
41.964739	-70.709819
41.970761	-78.590899
41.985345	-88.700319
41.990037	-87.736864
41.996436	-87.870251
42.002237	-91.655743
42.006738	-89.053313
42.00846	-87.934854
42.009345	-88.139774
42.016414	-94.380089
42.017299	-70.821356
42.019457	-88.15357
42.03	-86.47
42.034139	-91.58489
42.03668	-87.94307
42.038904	-88.121027
42.046338	-91.572199
42.055554	-88.338525
42.06137	-88.26303
42.065423	-76.112446
42.075127	-85.138743
42.08	-75.82
42.081982	-76.784235
42.085619	-88.175948
42.086172	-87.970869
42.090021	-87.986626
42.09097	-80.125412
42.096884	-102.885173
42.097683	-70.847863
42.098056	-86.484167
42.098448	-75.845599
42.0986111	-75.9183333
42.098734	-72.600161
42.1	-75.86
42.101946	-72.641273
42.107564	-72.562297
42.108941	-87.92836
42.112073	-71.284048
42.112189	-75.899779
42.114586	-80.039186
42.12038	-80.070969
42.12542	-72.492714
42.12612	-72.57328
42.129766	-87.955738
42.13131	-72.541337
42.133517	-80.087937
42.133517	-80.087937
42.133803	-77.024107
42.13694	-80.068308
42.139102	-71.23038
42.146844	-82.957924
42.152371	-88.134845
42.152468	-70.955306
42.153	84.653
42.155003	-83.541455
42.156828	-87.984459
42.157868	-76.834033
42.15799	-72.483259
42.16	-78.986
42.16134	-95.79342
42.161344	-84.247769
42.16338	-88.237322
42.164142	-75.890212
42.18004	-122.66162
42.180966	-84.494917
42.184789	-76.783924
42.187155	-71.439196
42.196824	-88.414597
42.19753	83.2742
42.200773	-87.94674
42.200953	-70.808827
42.207391	-85.023346
42.211668	-87.980274
42.217117	-73.861152
42.218465	-83.157547
42.224569	-89.070408
42.224583	-87.84044
42.225125	-85.898016
42.233092	-88.372042
42.236763	-83.327695
42.238039	-88.368503
42.24113	-71.13693
42.243035	-89.244914
42.248453	-71.819487
42.248545	-71.406278
42.249247	-83.445733
42.258695	-70.969271
42.261171	-71.046184
42.26145	-71.01736
42.263412	-71.795782
42.263451	-72.582621
42.263554	-71.108739
42.266131	-89.24122
42.2697	-83.1541
42.27	-71.2
42.271154	-83.12822
42.272696	-71.80882
42.281427	-83.386321
42.281427	-83.386321
42.281427	-83.386321
42.287791	-83.384096
42.288314	-71.08872
42.288967	-85.587571
42.294818	-83.78088
42.3	83.46
42.303234	-87.973728
42.30332	-73.293907
42.305312	-83.327181
42.307333	-71.081623
42.308601	-83.104879
42.31447	-71.067025
42.3157	-71.214279
42.317154	-71.401876
42.320109	-83.462317
42.321357	-83.43182
42.32282	-122.93073
42.324081	-83.464905
42.329569	-71.052656
42.33335	-122.79714
42.333813	-87.849567
42.336843	-71.068843
42.338955	-71.071685
42.341024	-71.143942
42.341115	-83.106756
42.341839	-71.091321
42.342054	-83.082594
42.34433	-71.088501
42.347561	-91.252581
42.347852	-87.841877
42.349828	-83.081861
42.350314	-71.088112
42.350534	-88.065745
42.352473	-71.059101
42.356472	-83.291199
42.359373	-87.874288
42.360346	-85.236692
42.366285	-71.185837
42.366575	-83.166302
42.367212	-71.175371
42.3688146	-71.2392235
42.37	-83.031
42.370383	-71.033161
42.375366	-71.503759
42.37792	-82.942889
42.381529	-71.134112
42.383752	-83.255712
42.384224	-83.192751
42.390942	-71.150828
42.394371	-94.626019
42.395949	-71.294522
42.397501	-82.953222
42.398841	-94.628544
42.39893	-83.25644
42.402314	-83.049129
42.402631	-82.927103
42.405034	-88.336163
42.405537	-84.361705
42.406153	-88.237037
42.407211	-71.382437
42.407211	-71.382437
42.407513	-96.361713
42.407864	-82.91242
42.409704	-83.099889
42.410779	-71.110058
42.414092	-71.079358
42.414129	-83.114625
42.416572	-83.018072
42.416699	-71.133014
42.417401	-83.259846
42.419894	-88.027795
42.420361	-83.293735
42.427245	-83.207969
42.427963	-88.149559
42.42886	-83.777587
42.429742	-88.056659
42.43	-71.4
42.435734	-71.101796
42.43675	-71.069061
42.437	-83.22
42.438003	-83.744369
42.438136	-91.678474
42.43825	-96.36933
42.440175	-71.040815
42.443777	-85.020846
42.446657	-88.090581
42.453852	-82.927194
42.454154	-83.068382
42.459	83.13
42.460135	-77.123308
42.467206	-71.287421
42.467206	-71.287421
42.471588	-83.148299
42.476712	-83.146957
42.4869	-83.087661
42.488289	-90.643271
42.489641	-92.329258
42.493338	-90.700849
42.49345	-83.529949
42.496527	-83.754518
42.499784	-96.454428
42.50236	-83.113066
42.50721	-70.896067
42.509159	-83.090322
42.510176	-92.381018
42.515915	-73.610116
42.523559	-96.409427
42.5267815	-71.0940244
42.527558	-88.261131
42.535968	-82.870566
42.563014	-87.849195
42.563147	-71.850734
42.579203	-84.443584
42.58294	-83.27862
42.59	-83.59
42.592288	-72.529269
42.5946	-83.6024
42.598255	-76.15746
42.6	-72.38
42.601345	-88.707805
42.606413	-70.709311
42.611532	-89.384993
42.620795	-83.847302
42.631958	-70.782932
42.63405	-70.766395
42.639375	-88.653128
42.652579	-73.756232
42.655616	-73.756205
42.66279	-83.61297
42.664488	-71.139904
42.670054	-71.386057
42.673	-82.749
42.678251	-71.01387
42.679202	-73.846482
42.681852	-83.133801
42.682846	-84.533792
42.684556	-83.371921
42.688454	-88.223228
42.691231	-88.400956
42.70251	-73.09076
42.707642	-123.367498
42.729378	-87.798339
42.730729	-92.474788
42.741339	-82.728517
42.742356	-87.787564
42.749693	-83.304315
42.750461	-84.547737
42.753126	-83.037135
42.75904	-83.406092
42.761962	-84.542764
42.767672	-86.204627
42.768624	-73.805347
42.780641	-73.835677
42.788561	-84.558089
42.820279	-83.26156
42.8303	-73.91655
42.831711	-85.994976
42.839379	-106.328771
42.843957	-84.566483
42.844425	-91.809435
42.855377	-85.498031
42.859664	-77.021858
42.860388	-112.454412
42.874542	-71.505965
42.87703	-74.04329
42.877793	-87.940874
42.879032	-97.391771
42.879047	-85.645014
42.885052	-82.477067
42.891756	-85.567837
42.895655	-88.400651
42.907683	-71.290799
42.908346	-78.839059
42.91178	-70.81201
42.9125	-85.6007
42.912954	-76.4932571
42.92889	-87.862598
42.939521	-87.997822
42.940986	-85.61011
42.948542	-85.633361
42.95554	-85.63293
42.95584	-85.66674
42.961397	-77.327969
42.96297	-85.73494
42.966211	-87.947805
42.967264	-85.670051
42.975	-85.5
42.980887	-70.942482
42.989131	-87.985516
42.990431	-83.644319
42.993949	-71.927583
42.994592	-76.142379
43.014853	-76.145973
43.022848	-108.42756
43.026142	-76.160352
43.029687	-106.809216
43.044794	-89.473434
43.048122	-76.147424
43.048622	-88.06734
43.048956	-87.9415
43.052641	-83.728091
43.054226	-88.441644
43.06016	-89.404576
43.061167	-87.884435
43.06283	-87.92422
43.0634	-83.7001
43.074032	-75.201854
43.08165	-87.88905
43.086994	-96.152699
43.090021	-76.336572
43.11196	-88.50282
43.111982	-94.674949
43.11785	-83.694747
43.128653	-92.736716
43.12981	-93.379096
43.1321423	-77.3910167
43.150581	-83.619462
43.158304	-77.55433
43.162219	-77.556191
43.171339	-77.644291
43.193164	-71.536384
43.211848	-123.368654
43.217501	-75.476181
43.218334	-78.394997
43.22585	-86.23800001
43.234181	-86.248392
43.24521	-86.20269
43.2654	-88.2652
43.268	70.978
43.269967	-82.619665
43.277825	-84.783515
43.287817	-93.201144
43.291399	-87.993715
43.32491	-76.41104
43.331261	-73.639564
43.351656	-93.207995
43.354514	-93.209161
43.378452	-92.921005
43.447697	-85.143924
43.449028	-96.842444
43.453355	-88.627757
43.475	-110.77
43.478526	-110.770866
43.522276	-96.751129
43.539039	-71.466253
43.568792	-84.180154
43.585309	-116.218863
43.6051	-84.7906
43.613837	-84.171283
43.626681	-94.479976
43.631074	-97.351656
43.635908	-116.380516
43.63885	-70.25416
43.642838	-116.658977
43.653134	-93.382445
43.65361	-83.94444
43.663913	-114.328777
43.71	98
43.75623	-105.49269
43.793022	-91.257636
43.801042	-70.25448
43.807918	-91.25147
43.845834	-88.368996
43.85409	-104.20522
43.887861	-85.636669
43.955721	-106.42728
43.980464	-83.221195
44.005032	-92.41834
44.039964	-92.495967
44.042242	-92.459632
44.062783	-103.227468
44.065856	-103.222276
44.076506	-103.209898
44.081693	-92.456803
44.086026	-103.206401
44.087973	-87.686696
44.152794	-70.040787
44.180658	-89.246629
44.185945	-88.465411
44.186863	-84.026994
44.21593	-93.565931
44.231808	-88.403159
44.244447	-86.324253
44.258857	-88.410307
44.261667	-72.575145
44.264562	-104.954672
44.278126	-84.184712
44.286624	-84.652999
44.2901	-94.4397
44.29011	-94.43977
44.29028	-105.493589
44.319224	-89.899587
44.325893	-93.955691
44.346342	-98.214159
44.357368	-106.700355
44.371429	-89.829767
44.395611	-105.448918
44.435358	-93.174355
44.43972	-73.076838
44.456167	-87.93348
44.466795	-73.213222
44.468254	-73.21292
44.476306	-70.193342
44.480445	-103.812254
44.48302	-73.117963
44.485034	-73.094253
44.488117	-87.927914
44.5529	-92.53492
44.566007	-92.524483
44.668724	-93.27272
44.687984	-85.520024
44.69	75.48
44.702353	-93.268332
44.73533	-85.188364
44.75364	-93.275893
44.753841	-108.757352
44.759405	-92.800285
44.76086	93.275283
44.790662	-85.648031
44.799533	-122.778635
44.820731	-91.513827
44.839595	-93.438169
44.84681	-92.94501
44.85036	-93.71654
44.858089	-93.487195
44.86686	-93.26121
44.875227	-97.736675
44.877977	-94.388027
44.89606	-93.28061
44.902392	-85.061014
44.906879	-89.655059
44.9096	-93.1852
44.91285	-93.33624
44.923237	-122.965775
44.924871	-108.663701
44.9249	-93.155942
44.927892	-89.837108
44.93	-93.4
44.933571	-93.160042
44.937051	-93.645947
44.939153	-93.360574
44.952173	-93.095433
44.954846	-93.40824
44.955122	-93.070121
44.95584	-93.16957
44.958649	-93.139942
44.962714	-93.285134
44.96277	-93.229839
44.967927	-93.245445
44.971495	-85.649424
44.97283	-93.07348
44.97305	-93.08092
44.97739	-93.107213
44.985121	-93.420808
44.985128	-93.226537
45.005565	-122.998536
45.01297	-93.24292
45.02228	-93.226879
45.027432	-84.667747
45.045106	-93.432775
45.047807	-83.447343
45.084365	-93.295627
45.09051	-93.299
45.097431	-93.334117
45.099462	-92.986694
45.11	-92.67
45.116384	-93.027717
45.148248	-93.406823
45.149862	-93.149903
45.176795	-93.877927
45.176804	-93.27313
45.184859	-93.284272
45.194123	-93.378975
45.201858	-93.242939
45.21339	-93.644278
45.218788	-89.029132
45.222587	-93.373011
45.248479	-93.273235
45.252645	-122.676514
45.25665	-87.07234
45.2611	-93.45
45.296836	-105.534656
45.303979	-121.758058
45.334877	-118.068784
45.378745	-122.603361
45.417339	-122.6635
45.421887	-122.843914
45.46	-98.48
45.468571	-122.700845
45.486685	-98.482748
45.503251	-94.174841
45.51289039	-122.9770225
45.51419	-122.550141
45.519564	-109.444771
45.537429	-100.438594
45.549496	-122.655341
45.560496	-94.162857
45.562927	-122.59184
45.584479	-94.58656
45.634177	-84.487874
45.66203267	-122.6356286
45.66699	-110.5488
45.6794662	-111.0337982
45.681262	-108.78779
45.752758	-108.551128
45.75615	-108.552319
45.758152	-98.254265
45.77274	-108.502432
45.78011	-108.555416
45.793237	-88.095039
45.801152	-108.551448
45.809433	-108.485285
45.834941	-88.057301
45.839862	-94.299691
46.00093	-112.53069
46.011762	-112.548428
46.02605	-112.53369
46.092424	-88.645126
46.183062	-103.394906
46.192946	-93.761349
46.245649	-114.15886
46.265818	-96.577966
46.266946	-96.584859
46.457542	-90.156391
46.518944	-95.893598
46.533013	-93.710249
46.569211	-90.917795
46.588728	-120.490093
46.718807	-92.451402
46.724052	-122.953215
46.729553	-94.6859
46.78244	-92.1194
46.816922	-100.847622
46.823345	-100.771756
46.83504	-100.89224
46.84536	-96.80418
46.866305	-96.818285
46.8709412	-96.7629852
46.88216	-100.82434
46.914637	-98.023588
47.025481	-91.690984
47.127303	-122.556979
47.235419	-122.225089
47.259336	-122.49653
47.264901	-104.89393
47.297143	-122.371684
47.317634	-122.3481
47.33	-118
47.331211	-122.195771
47.33258	-118.685117
47.365223	-122.096586
47.377633	-122.285362
47.381019	-122.032943
47.498948	-111.286462
47.518956	-122.625644
47.521859	-95.409933
47.550792	-93.568365
47.56277	-122.29111
47.571661	-122.66338
47.57274	-122.339778
47.585351	-122.355571
47.60829	-122.337997
47.643	-90.677
47.64836	122.39558
47.656627	-117.439703
47.656946	-117.410187
47.663128	-122.316341
47.67316	-117.301891
47.674025	-122.129762
47.67986	-122.141364
47.68	117.2
47.68005653	-116.8069518
47.690256	-117.439977
47.710676	-104.14705
47.7182699	-122.322723
47.779682	-116.796552
47.779808	-116.79534
47.791032	-122.181219
47.856479	-121.969513
47.880901	-122.282827
47.922084	-122.293188
48.095516	-105.646839
48.114009	-96.174825
48.161431	-103.629238
48.196516	-96.773872
48.196964	-106.636713
48.206177	-114.29515
48.331863	-116.528056
48.3522	-116.444103
48.357422	-107.865083
48.36786	-114.18395
48.389595	-114.164807
48.501504	-111.86111
48.68929	-116.31622
49.972439	-83.635397
51.91714	22.420182
60.085849	-151.382264
60.487778	-151.058333
60.541873	-151.17695
60.554444	-151.258333
60.554444	-151.258333
60.554444	-151.258333
60.702644	-151.288642
61.081535	-149.776256
61.102375	-149.849208
61.102919	-149.866168
61.112873	-149.914076
61.145255	-149.815834
61.147432	-149.814057
61.151232	-149.875482
61.154117	-149.950095
61.154237	-149.927774
61.157407	-149.949652
61.172866	-149.900439
61.173555	-149.934974
61.180852	-149.897837
61.184847	-149.904009
61.193444	-149.876715
61.195836	-149.861714
61.196622	-149.910257
61.209956	-149.884729
61.2139	-149.882675
61.218056	-149.900278
61.219534	-149.891803
61.22435	-149.883067
61.230578	-149.776
61.246536	-149.463077
61.327822	-149.569719
61.329088	-149.572144
61.329473	-149.568116
61.404167	-149.455278
61.534	-149.873
61.539432	-149.577234
61.555829	-149.053849
61.567639	-149.078732
61.568729	-149.849576
61.578152	-149.44467
61.581389	-149.439444
61.581389	-149.439444
61.587663	-149.242618
61.600311	-149.25514
61.60337	-149.11465
61.604632	-149.115564
61.611476	-149.478551
61.61172	-149.051574
61.612266	-149.10447
61.62374	-149.277616
61.627018	-149.434711
61.674141	-149.229915
62.259935	-150.172915
62.259935	-150.172915
62.259935	-150.172915
34.771483	-92.396358
44.764068	-108.750975
36.976657	-122.057726
46.526448	-95.364095
61.587643	-149.041095
60.505649	-150.955231
29.999375	-90.103635
29.607825	-95.212159
29.951066	-90.071532
33.46339	-86.903746
30.443467	-97.833125
32.420017	-90.105113
32.472918	-84.922789
32.239561	-107.820366
33.759552	-117.962066
33.553661	-86.721766
33.823478	-117.825137
33.975738	-117.339946
35.876686	-119.272402
35.572611	-80.580167
35.223288	-113.997589
35.254413	-81.089161
35.758581	-78.783139
35.50577	-80.854349
35.654629	-106.019431
37.546203	-77.410223
38.934056	-119.977514
38.003251	-121.874818
37.784419	-122.215912
38.902454	-120.003121
38.887709	-76.91247
38.954703	-76.911286
39.118283	-84.883906
39.994298	-76.243903
39.57178	-75.467142
39.719676	-121.844157
39.730554	-86.23025
39.808999	-86.002011
39.862975	-74.930712
39.246628	-76.695954
39.148616	-95.671226
39.029942	-95.727718
40.277383	-76.584928
40.579063	-75.466807
40.634426	-75.37407
40.667683	-111.871556
40.736462	-73.935849
41.769186	-71.148136
42.278867	-73.979824
42.57748	-92.786863
43.518942	-70.434597
43.970687	-92.477076
44.031445	-92.479105
46.00657	-91.493727
47.586596	-122.117044
47.636046	-122.213544
61.204749	-149.737304
60.309	-151.256903
60.649686	-151.336188
60.487778	-151.058333
60.510728	-151.046963
60.487778	-151.058333
60.967951	-149.120559
61.18398	-149.763906
61.096796	-149.831362
61.581389	-149.439444
61.580903	-149.621501
61.205029	-149.802757
61.324749	-149.570099
61.567977	-149.434269
61.590301	-149.161482
61.68864	-149.230257
61.142785	-149.928994
61.103184	-149.871999
61.109781	-149.752651
61.129976	-149.775645
61.201654	-149.744345
61.220186	-149.260224
61.229667	-149.795888
61.188225	-149.944153
61.161166	-149.805082
61.325531	-149.559369
61.483885	-149.668276
61.55195	-149.54642
61.58943	-149.412188
61.620102	-149.19331
30.277562	-87.679405
32.887534	-103.305237
34.23784	-77.921196
45.144626	-93.162676
45.167459	-93.136792
35.129134	-106.654599
35.165586	-106.585272
36.815389	-108.001534
37.611331	-97.298594
42.12662	-98.028571
47.098657	-122.29355
47.329264	-122.580129
61.541089	-149.229298
61.541089	-149.229298
61.541089	-149.229298
61.541089	-149.229298
32.506239	-92.714683
33.12578	-91.961525